id,full_name,id_in_br,full_name_in_br,team,br_team,season,salary
200794,Paul Millsap,millspa01,Paul Millsap,ATL,ATL,2015-16,19000000
201143,Al Horford,horfoal01,Al Horford,ATL,ATL,2015-16,12000000
201168,Tiago Splitter,splitti01,Tiago Splitter,ATL,ATL,2015-16,8500000
201952,Jeff Teague,teaguje01,Jeff Teague,ATL,ATL,2015-16,8000000
2594,Kyle Korver,korveky01,Kyle Korver,ATL,ATL,2015-16,5746479
200757,Thabo Sefolosha,sefolth01,Thabo Sefolosha,ATL,ATL,2015-16,4000000
203118,Mike Scott,scottmi01,Mike Scott,ATL,ATL,2015-16,3333333
2550,Kirk Hinrich,hinriki01,Kirk Hinrich,ATL,ATL,2015-16,2870000
203145,Kent Bazemore,bazemke01,Kent Bazemore,ATL,ATL,2015-16,2000000
203471,Dennis Schröder,schrode01,Dennis Schroder,ATL,ATL,2015-16,1763400
203501,Tim Hardaway Jr.,hardati02,Tim Hardaway,ATL,ATL,2015-16,1304520
204002,Edy Tavares,tavarwa01,Walter Tavares,ATL,ATL,2015-16,1000000
203488,Mike Muscala,muscami01,Mike Muscala,ATL,ATL,2015-16,947276
203934,Lamar Patterson,pattela01,Lamar Patterson,ATL,ATL,2015-16,525093
2743,Kris Humphries,humphkr01,Kris Humphries,ATL,ATL,2015-16,388025
,未知,pettete01,Terran Petteway,ATL,ATL,2015-16,75000
101135,David Lee,leeda02,David Lee,DAL,BOS,2015-16,15493680
101161,Amir Johnson,johnsam01,Amir Johnson,BOS,BOS,2015-16,12000000
202340,Avery Bradley,bradlav01,Avery Bradley,BOS,BOS,2015-16,7730337
202738,Isaiah Thomas,thomais02,Isaiah Thomas,BOS,BOS,2015-16,6912869
203109,Jae Crowder,crowdja01,Jae Crowder,BOS,BOS,2015-16,6000000
201973,Jonas Jerebko,jerebjo01,Jonas Jerebko,BOS,BOS,2015-16,5000000
203935,Marcus Smart,smartma01,Marcus Smart,BOS,BOS,2015-16,3431040
202323,Evan Turner,turneev01,Evan Turner,BOS,BOS,2015-16,3425510
203092,Tyler Zeller,zellety01,Tyler Zeller,BOS,BOS,2015-16,2616975
203096,Jared Sullinger,sullija01,Jared Sullinger,BOS,BOS,2015-16,2269260
203482,Kelly Olynyk,olynyke01,Kelly Olynyk,BOS,BOS,2015-16,2165160
204054,Zoran Dragic,dragizo01,Zoran Dragic,BOS,BOS,2015-16,2050397
203103,Perry Jones III,jonespe01,Perry Jones,BOS,BOS,2015-16,2038206
1626179,Terry Rozier,roziete01,Terry Rozier,BOS,BOS,2015-16,1824360
203923,James Young,youngja01,James Young,BOS,BOS,2015-16,1749840
1626175,Jordan Mickey,mickejo01,Jordan Mickey,BOS,BOS,2015-16,1200000
1626154,RJ Hunter,hunterj01,R.J. Hunter,BOS,BOS,2015-16,1148640
1626262,Coty Clarke,clarkco01,Coty Clarke,BOS,BOS,2015-16,61776
,未知,randole01,Levi Randolph,BOS,BOS,2015-16,25000
,未知,waldeco01,Corey Walden,BOS,BOS,2015-16,25000
1626259,Malcolm Miller,millema01,Malcolm Miller,BOS,BOS,2015-16,25000
204066,John Holland,hollajo02,John Holland,BOS,BOS,2015-16,9266
2207,Joe Johnson,johnsjo02,Joe Johnson,MIA,BRK,2015-16,24894863
201572,Brook Lopez,lopezbr01,Brook Lopez,BKN,BRK,2015-16,20000000
201152,Thaddeus Young,youngth01,Thaddeus Young,BKN,BRK,2015-16,11200000
101127,Jarrett Jack,jackja01,Jarrett Jack,BKN,BRK,2015-16,6300000
101114,Deron Williams,willide01,Deron Williams,DAL,BRK,2015-16,5500000
202711,Bojan Bogdanović,bogdabo02,Bojan Bogdanovic,BKN,BRK,2015-16,3425510
203508,Sergey Karasev,karasse01,Sergey Karasev,BKN,BRK,2015-16,1599840
203499,Shane Larkin,larkish01,Shane Larkin,BKN,BRK,2015-16,1500000
201961,Wayne Ellington,ellinwa01,Wayne Ellington,BKN,BRK,2015-16,1500000
1626178,Rondae Hollis-Jefferson,holliro01,Rondae Hollis-Jefferson,BKN,BRK,2015-16,1335480
1626191,Chris McCullough,mcculch01,Chris McCullough,BKN,BRK,2015-16,1140240
200745,Andrea Bargnani,bargnan01,Andrea Bargnani,BKN,BRK,2015-16,1039298
202388,Donald Sloan,sloando01,Donald Sloan,BKN,BRK,2015-16,1015421
203080,Thomas Robinson,robinth01,Thomas Robinson,BKN,BRK,2015-16,981300
203186,Willie Reed,reedwi02,Willie Reed,BKN,BRK,2015-16,947276
203900,Markel Brown,brownma02,Markel Brown,BKN,BRK,2015-16,845059
203930,Sean Kilpatrick,kilpase01,Sean Kilpatrick,BKN,BRK,2015-16,320594
203156,Henry Sims,simshe01,Henry Sims,BKN,BRK,2015-16,161622
,未知,boatrry01,Ryan Boatright,BKN,BRK,2015-16,75000
203113,Quincy Miller,millequ01,Quincy Miller,BKN,BRK,2015-16,50000
2744,Al Jefferson,jeffeal01,Al Jefferson,CHA,CHO,2015-16,13833333
201587,Nicolas Batum,batumni01,Nicolas Batum,CHA,CHO,2015-16,12235750
202689,Kemba Walker,walkeke02,Kemba Walker,CHA,CHO,2015-16,12000000
101107,Marvin Williams,willima02,Marvin Williams,CHA,CHO,2015-16,7000000
203077,Michael Kidd-Gilchrist,kiddgmi01,Michael Kidd-Gilchrist,CHA,CHO,2015-16,6331404
201584,Courtney Lee,leeco01,Courtney Lee,CHA,CHO,2015-16,5675000
201150,Spencer Hawes,hawessp01,Spencer Hawes,CHA,CHO,2015-16,5543725
203469,Cody Zeller,zelleco01,Cody Zeller,CHA,CHO,2015-16,4204200
203087,Jeremy Lamb,lambje01,Jeremy Lamb,CHA,CHO,2015-16,3034356
1626163,Frank Kaminsky,kaminfr01,Frank Kaminsky,CHA,CHO,2015-16,2612500
202391,Jeremy Lin,linje01,Jeremy Lin,CHA,CHO,2015-16,2100000
201946,Tyler Hansbrough,hansbty01,Tyler Hansbrough,CHA,CHO,2015-16,1185784
203584,Troy Daniels,danietr01,Troy Daniels,CHA,CHO,2015-16,947276
1626151,Aaron Harrison,harriaa01,Aaron Harrison,CHA,CHO,2015-16,525093
203268,Jorge Gutierrez,gutiejo01,Jorge Gutierrez,CHA,CHO,2015-16,301444
202343,Elliot Williams,williel01,Elliot Williams,CHA,CHO,2015-16,80000
201565,Derrick Rose,rosede01,Derrick Rose,CHI,CHI,2015-16,20093063
202710,Jimmy Butler III,butleji01,Jimmy Butler,CHI,CHI,2015-16,15260000
201149,Joakim Noah,noahjo01,Joakim Noah,CHI,CHI,2015-16,13400000
201959,Taj Gibson,gibsota01,Taj Gibson,CHI,CHI,2015-16,8500000
2200,Pau Gasol,gasolpa01,Pau Gasol,CHI,CHI,2015-16,7448760
202703,Nikola Mirotic,mirotni01,Nikola Mirotic,CHI,CHI,2015-16,5543725
2399,Mike Dunleavy,dunlemi02,Mike Dunleavy,CHI,CHI,2015-16,4500000
203926,Doug McDermott,mcderdo01,Doug McDermott,CHI,CHI,2015-16,2380440
201166,Aaron Brooks,brookaa01,Aaron Brooks,CHI,CHI,2015-16,2000000
203503,Tony Snell,snellto01,Tony Snell,CHI,CHI,2015-16,1535880
1626171,Bobby Portis,portibo01,Bobby Portis,CHI,CHI,2015-16,1391160
202734,E'Twaun Moore,mooreet01,E'Twaun Moore,CHI,CHI,2015-16,1015421
203200,Justin Holiday,holidju01,Justin Holiday,CHI,CHI,2015-16,947300
203946,Cameron Bairstow,bairsca01,Cameron Bairstow,DET,CHI,2015-16,845059
1626245,Cristiano Felicio,feliccr01,Cristiano Felicio,CHI,CHI,2015-16,525090
2544,LeBron James,jamesle01,LeBron James,CLE,CLE,2015-16,22971000
201567,Kevin Love,loveke01,Kevin Love,CLE,CLE,2015-16,19500000
202681,Kyrie Irving,irvinky01,Kyrie Irving,CLE,CLE,2015-16,14746000
202684,Tristan Thompson,thomptr01,Tristan Thompson,CLE,CLE,2015-16,14260870
202697,Iman Shumpert,shumpim01,Iman Shumpert,CLE,CLE,2015-16,9000000
101112,Channing Frye,fryech01,Channing Frye,CLE,CLE,2015-16,7807579
2747,JR Smith,smithjr01,J.R. Smith,CLE,CLE,2015-16,5000000
202389,Timofey Mozgov,mozgoti01,Timofey Mozgov,CLE,CLE,2015-16,4950000
2590,Mo Williams,willima01,Mo Williams,CLE,CLE,2015-16,2100000
2210,Richard Jefferson,jefferi01,Richard Jefferson,CLE,CLE,2015-16,1499000
2592,James Jones,jonesja02,James Jones,CLE,CLE,2015-16,1499000
201619,Sasha Kaun,kaunsa01,Sasha Kaun,CLE,CLE,2015-16,1300000
203521,Matthew Dellavedova,dellama01,Matthew Dellavedova,CLE,CLE,2015-16,1147280
203895,Jordan McRae,mcraejo01,Jordan McRae,CLE,CLE,2015-16,172972
2563,Dahntay Jones,jonesda02,Dahntay Jones,CLE,CLE,2015-16,8819
202083,Wesley Matthews,matthwe02,Wesley Matthews,DAL,DAL,2015-16,16400000
202718,Chandler Parsons,parsoch01,Chandler Parsons,DAL,DAL,2015-16,15361500
1717,Dirk Nowitzki,nowitdi01,Dirk Nowitzki,DAL,DAL,2015-16,8333334
101114,Deron Williams,willide01,Deron Williams,DAL,DAL,2015-16,5500000
2585,Zaza Pachulia,pachuza01,Zaza Pachulia,DAL,DAL,2015-16,5200000
2734,Devin Harris,harride01,Devin Harris,DAL,DAL,2015-16,4053000
200826,J.J. Barea,bareajo01,J.J. Barea,DAL,DAL,2015-16,4000000
101109,Raymond Felton,feltora01,Raymond Felton,DAL,DAL,2015-16,3950313
101135,David Lee,leeda02,David Lee,DAL,DAL,2015-16,2102224
101111,Charlie Villanueva,villach01,Charlie Villanueva,DAL,DAL,2015-16,1499187
2223,Samuel Dalembert,dalemsa01,Samuel Dalembert,DAL,DAL,2015-16,1499187
1626147,Justin Anderson,anderju01,Justin Anderson,DAL,DAL,2015-16,1449000
201580,JaVale McGee,mcgeeja01,JaVale McGee,DAL,DAL,2015-16,1270964
202379,Jeremy Evans,evansje01,Jeremy Evans,DAL,DAL,2015-16,1100602
203939,Dwight Powell,poweldw01,Dwight Powell,DAL,DAL,2015-16,845059
1626254,Maurice Ndour,ndourma01,Maurice Ndour,DAL,DAL,2015-16,525094
1626257,Salah Mejri,mejrisa01,Salah Mejri,DAL,DAL,2015-16,525093
203539,Gal Mekel,mekelga01,Gal Mekel,DAL,DAL,2015-16,315760
203966,Jamil Wilson,wilsoja02,Jamil Wilson,DAL,DAL,2015-16,50000
,未知,ashlebr01,Brandon Ashley,DAL,DAL,2015-16,50000
,未知,famouja01,Jarrid Famous,DAL,DAL,2015-16,10000
201568,Danilo Gallinari,gallida01,Danilo Gallinari,DEN,DEN,2015-16,14000000
202702,Kenneth Faried,farieke01,Kenneth Faried,DEN,DEN,2015-16,11235955
201163,Wilson Chandler,chandwi01,Wilson Chandler,DEN,DEN,2015-16,10500000
201581,JJ Hickson,hicksjj01,J.J. Hickson,WAS,DEN,2015-16,5613500
2749,Jameer Nelson,nelsoja01,Jameer Nelson,DEN,DEN,2015-16,4500000
200779,Steve Novak,novakst01,Steve Novak,MIL,DEN,2015-16,3750000
203115,Will Barton,bartowi01,Will Barton,DEN,DEN,2015-16,3333333
1626144,Emmanuel Mudiay,mudiaem01,Emmanuel Mudiay,DEN,DEN,2015-16,3102240
201571,D.J. Augustin,augusdj01,D.J. Augustin,DEN,DEN,2015-16,3000000
201589,Darrell Arthur,arthuda01,Darrell Arthur,DEN,DEN,2015-16,2814000
203994,Jusuf Nurkić,nurkiju01,Jusuf Nurkic,DEN,DEN,2015-16,1842000
203530,Joffrey Lauvergne,lauvejo01,Joffrey Lauvergne,DEN,DEN,2015-16,1709720
203914,Gary Harris,harriga01,Gary Harris,DEN,DEN,2015-16,1587480
2034,Mike Miller,millemi01,Mike Miller,DEN,DEN,2015-16,1499187
203999,Nikola Jokić,jokicni01,Nikola Jokic,DEN,DEN,2015-16,1300000
201595,Joey Dorsey,dorsejo01,Joey Dorsey,DEN,DEN,2015-16,1015421
203910,Nick Johnson,johnsni01,Nick Johnson,DEN,DEN,2015-16,845059
203123,Kostas Papanikolaou,papanko01,Kostas Papanikolaou,DEN,DEN,2015-16,350000
203960,JaKarr Sampson,sampsja02,JaKarr Sampson,DEN,DEN,2015-16,285489
1626253,Axel Toupane,toupaax01,Axel Toupane,DEN,DEN,2015-16,123552
203475,Erick Green,greener01,Erick Green,DEN,DEN,2015-16,100000
203930,Sean Kilpatrick,kilpase01,Sean Kilpatrick,BKN,DEN,2015-16,99418
202699,Tobias Harris,harrito02,Tobias Harris,DET,DET,2015-16,16000000
202704,Reggie Jackson,jacksre01,Reggie Jackson,DET,DET,2015-16,14000000
203382,Aron Baynes,baynear01,Aron Baynes,DET,DET,2015-16,6500000
201975,Jodie Meeks,meeksjo01,Jodie Meeks,DET,DET,2015-16,6270000
2746,Josh Smith,smithjo03,Josh Smith,HOU,DET,2015-16,5400000
202694,Marcus Morris Sr.,morrima03,Marcus Morris,DET,DET,2015-16,5000000
203083,Andre Drummond,drumman01,Andre Drummond,DET,DET,2015-16,3272091
201229,Anthony Tolliver,tollian01,Anthony Tolliver,DET,DET,2015-16,3000000
203484,Kentavious Caldwell-Pope,caldwke01,Kentavious Caldwell-Pope,DET,DET,2015-16,2891760
1626169,Stanley Johnson,johnsst04,Stanley Johnson,DET,DET,2015-16,2841960
201202,Joel Anthony,anthojo01,Joel Anthony,DET,DET,2015-16,2500000
101122,Danny Granger,grangda01,Danny Granger,DET,DET,2015-16,2170465
2581,Steve Blake,blakest01,Steve Blake,DET,DET,2015-16,2170465
201858,Cartier Martin,martica01,Cartier Martin,DET,DET,2015-16,1270964
203493,Reggie Bullock Jr.,bullore01,Reggie Bullock,DET,DET,2015-16,1252440
203915,Spencer Dinwiddie,dinwisp01,Spencer Dinwiddie,CHI,DET,2015-16,845059
1626199,Darrun Hilliard,hillida01,Darrun Hilliard,DET,DET,2015-16,525093
201189,Aaron Gray,grayaa01,Aaron Gray,DET,DET,2015-16,452059
203485,Lorenzo Brown,brownlo01,Lorenzo Brown,DET,DET,2015-16,117016
202712,Justin Harper,harpeju01,Justin Harper,BKN,DET,2015-16,99418
203519,Adonis Thomas,thomaad01,Adonis Thomas,DET,DET,2015-16,60000
202691,Klay Thompson,thompkl01,Klay Thompson,GSW,GSW,2015-16,15500000
203110,Draymond Green,greendr01,Draymond Green,GSW,GSW,2015-16,14300000
101106,Andrew Bogut,bogutan01,Andrew Bogut,GSW,GSW,2015-16,12000000
2738,Andre Iguodala,iguodan01,Andre Iguodala,GSW,GSW,2015-16,11710456
201939,Stephen Curry,curryst01,Stephen Curry,GSW,GSW,2015-16,11370786
201574,Jason Thompson,thompja02,Jason Thompson,TOR,GSW,2015-16,6431250
2733,Shaun Livingston,livinsh01,Shaun Livingston,GSW,GSW,2015-16,5543725
203084,Harrison Barnes,barneha02,Harrison Barnes,GSW,GSW,2015-16,3873398
201578,Marreese Speights,speigma01,Marreese Speights,GSW,GSW,2015-16,3815000
2571,Leandro Barbosa,barbole01,Leandro Barbosa,GSW,GSW,2015-16,2500000
203105,Festus Ezeli,ezelife01,Festus Ezeli,GSW,GSW,2015-16,2008748
201575,Brandon Rush,rushbr01,Brandon Rush,GSW,GSW,2015-16,1270964
1626172,Kevon Looney,looneke01,Kevon Looney,GSW,GSW,2015-16,1131960
203546,Ian Clark,clarkia01,Ian Clark,GSW,GSW,2015-16,947276
203949,James Michael McAdoo,mcadoja01,James Michael McAdoo,GSW,GSW,2015-16,845059
2760,Anderson Varejao,varejan01,Anderson Varejao,GSW,GSW,2015-16,458575
2730,Dwight Howard,howardw01,Dwight Howard,HOU,HOU,2015-16,22359364
201935,James Harden,hardeja01,James Harden,HOU,HOU,2015-16,15756438
201951,Ty Lawson,lawsoty01,Ty Lawson,IND,HOU,2015-16,12404495
201147,Corey Brewer,breweco01,Corey Brewer,HOU,HOU,2015-16,8200000
2772,Trevor Ariza,arizatr01,Trevor Ariza,HOU,HOU,2015-16,8193030
201976,Patrick Beverley,beverpa01,Patrick Beverley,HOU,HOU,2015-16,6500000
203909,KJ McDaniels,mcdankj01,K.J. McDaniels,HOU,HOU,2015-16,3333333
203093,Terrence Jones,joneste01,Terrence Jones,HOU,HOU,2015-16,2489530
202700,Donatas Motiejunas,motiedo01,Donatas Motiejunas,HOU,HOU,2015-16,2288205
1626155,Sam Dekker,dekkesa01,Sam Dekker,HOU,HOU,2015-16,1646400
1891,Jason Terry,terryja01,Jason Terry,HOU,HOU,2015-16,1499187
2746,Josh Smith,smithjo03,Josh Smith,HOU,HOU,2015-16,1499000
203991,Clint Capela,capelca01,Clint Capela,HOU,HOU,2015-16,1242720
201977,Marcus Thornton,thornma01,Marcus Thornton,WAS,HOU,2015-16,1186000
1626149,Montrezl Harrell,harremo01,Montrezl Harrell,HOU,HOU,2015-16,1000000
201563,Michael Beasley,beaslmi01,Michael Beasley,HOU,HOU,2015-16,306527
202726,Andrew Goudelock,goudean01,Andrew Goudelock,HOU,HOU,2015-16,200600
101236,Chuck Hayes,hayesch01,Chuck Hayes,LAC,HOU,2015-16,83583
202331,Paul George,georgpa01,Paul George,IND,IND,2015-16,17120106
101145,Monta Ellis,ellismo01,Monta Ellis,IND,IND,2015-16,10300000
201588,George Hill,hillge01,George Hill,IND,IND,2015-16,8000000
201155,Rodney Stuckey,stuckro01,Rodney Stuckey,IND,IND,2015-16,6500000
201978,Chase Budinger,budinch01,Chase Budinger,PHX,IND,2015-16,5000000
101139,CJ Miles,milescj01,C.J. Miles,IND,IND,2015-16,4394225
201941,Jordan Hill,hilljo01,Jordan Hill,IND,IND,2015-16,4000000
101133,Ian Mahinmi,mahinia01,Ian Mahinmi,IND,IND,2015-16,4000000
202730,Lavoy Allen,allenla01,Lavoy Allen,IND,IND,2015-16,3700000
1626167,Myles Turner,turnemy01,Myles Turner,IND,IND,2015-16,2357760
203524,Solomon Hill,hillso01,Solomon Hill,IND,IND,2015-16,1358880
1626176,Rakeem Christmas,chrisra01,Rakeem Christmas,IND,IND,2015-16,1000000
1626202,Joe Young,youngjo01,Joseph Young,IND,IND,2015-16,1000000
203963,Shayne Whittington,whittsh01,Shayne Whittington,IND,IND,2015-16,845059
203922,Glenn Robinson III,robingl02,Glenn Robinson,IND,IND,2015-16,845000
201962,Toney Douglas,douglto01,Toney Douglas,NOP,IND,2015-16,600000
201951,Ty Lawson,lawsoty01,Ty Lawson,IND,IND,2015-16,265058
101108,Chris Paul,paulch01,Chris Paul,LAC,LAC,2015-16,21468696
201599,DeAndre Jordan,jordade01,DeAndre Jordan,LAC,LAC,2015-16,19500000
201933,Blake Griffin,griffbl01,Blake Griffin,LAC,LAC,2015-16,18907725
201145,Jeff Green,greenje02,Jeff Green,LAC,LAC,2015-16,9200000
200755,JJ Redick,redicjj01,J.J. Redick,LAC,LAC,2015-16,6867000
2037,Jamal Crawford,crawfja01,Jamal Crawford,LAC,LAC,2015-16,5675000
1718,Paul Pierce,piercpa01,Paul Pierce,LAC,LAC,2015-16,3400000
203085,Austin Rivers,riverau01,Austin Rivers,LAC,LAC,2015-16,3100000
201601,Luc Mbah a Moute,mbahalu01,Luc Mbah a Moute,LAC,LAC,2015-16,1270964
203912,C.J. Wilcox,wilcocj01,C.J. Wilcox,LAC,LAC,2015-16,1159680
202325,Wesley Johnson,johnswe01,Wesley Johnson,LAC,LAC,2015-16,1100600
202332,Cole Aldrich,aldrico01,Cole Aldrich,LAC,LAC,2015-16,1100600
203143,Pablo Prigioni,prigipa01,Pablo Prigioni,LAC,LAC,2015-16,981348
,未知,delfica01,Carlos Delfino,LAC,LAC,2015-16,650000
1626183,Branden Dawson,dawsobr01,Branden Dawson,LAC,LAC,2015-16,525093
201965,Jeff Ayres,pendeje02,Jeff Ayres,LAC,LAC,2015-16,317232
203545,Miroslav Raduljica,radulmi01,Miroslav Raduljica,LAC,LAC,2015-16,300000
1627293,Alex Stepheson,stephal01,Alex Stepheson,MEM,LAC,2015-16,61776
977,Kobe Bryant,bryanko01,Kobe Bryant,LAL,LAL,2015-16,25000000
201579,Roy Hibbert,hibbero01,Roy Hibbert,LAL,LAL,2015-16,15500000
101150,Lou Williams,willilo02,Lou Williams,LAL,LAL,2015-16,7000000
201156,Nick Young,youngni01,Nick Young,LAL,LAL,2015-16,5219169
1626156,D'Angelo Russell,russeda01,D'Angelo Russell,LAL,LAL,2015-16,5103120
203944,Julius Randle,randlju01,Julius Randle,LAL,LAL,2015-16,3132240
101138,Brandon Bass,bassbr01,Brandon Bass,LAL,LAL,2015-16,3000000
203527,Ryan Kelly,kellyry01,Ryan Kelly,LAL,LAL,2015-16,1724250
1897,Metta World Peace,artesro01,Metta World Peace,LAL,LAL,2015-16,1499187
1626204,Larry Nance Jr.,nancela02,Larry Nance Jr.,LAL,LAL,2015-16,1155600
203135,Robert Sacre,sacrero01,Robert Sacre,LAL,LAL,2015-16,981348
203903,Jordan Clarkson,clarkjo01,Jordan Clarkson,LAL,LAL,2015-16,845059
204028,Tarik Black,blackta01,Tarik Black,LAL,LAL,2015-16,845059
1626148,Anthony Brown,brownan02,Anthony Brown,LAL,LAL,2015-16,700000
1626273,Marcelo Huertas,huertma01,Marcelo Huertas,LAL,LAL,2015-16,525093
,未知,holmejo01,Jonathan Holmes,LAL,LAL,2015-16,100000
1626187,Michael Frazier II,frazimi01,Michael Frazier,LAL,LAL,2015-16,50000
,未知,upsharo01,Robert Upshaw,LAL,LAL,2015-16,35000
201188,Marc Gasol,gasolma01,Marc Gasol,MEM,MEM,2015-16,19700000
2216,Zach Randolph,randoza01,Zach Randolph,MEM,MEM,2015-16,9638555
201144,Mike Conley,conlemi01,Mike Conley,MEM,MEM,2015-16,9588426
202362,Lance Stephenson,stephla01,Lance Stephenson,MEM,MEM,2015-16,9000000
201148,Brandan Wright,wrighbr03,Brandan Wright,MEM,MEM,2015-16,5500000
2754,Tony Allen,allento01,Tony Allen,MEM,MEM,2015-16,5168539
2365,Chris Andersen,anderch01,Chris Andersen,MEM,MEM,2015-16,5000000
201596,Mario Chalmers,chalmma01,Mario Chalmers,MIA,MEM,2015-16,4300000
1713,Vince Carter,cartevi01,Vince Carter,MEM,MEM,2015-16,4088091
2440,Matt Barnes,barnema02,Matt Barnes,MEM,MEM,2015-16,3542500
203919,Jordan Adams,adamsjo01,Jordan Adams,MEM,MEM,2015-16,1404600
1626185,Jarell Martin,martija01,Jarell Martin,MEM,MEM,2015-16,1230840
203798,PJ Hairston,hairspj02,P.J. Hairston,MEM,MEM,2015-16,1201440
203210,JaMychal Green,greenja01,JaMychal Green,MEM,MEM,2015-16,845059
203516,James Ennis III,ennisja01,James Ennis,NOP,MEM,2015-16,845059
203893,Russ Smith,smithru01,Russ Smith,MEM,MEM,2015-16,816482
200797,Ryan Hollins,holliry01,Ryan Hollins,MEM,MEM,2015-16,593056
200770,Jordan Farmar,farmajo01,Jordan Farmar,MEM,MEM,2015-16,191456
203479,Jamaal Franklin,frankja01,Jamaal Franklin,MEM,MEM,2015-16,163296
203492,Ray McCallum,mccalra01,Ray McCallum,SAS,MEM,2015-16,111444
204098,Xavier Munford,munfoxa02,Xavier Munford,MEM,MEM,2015-16,89588
203955,Bryce Cotton,cottobr01,Bryce Cotton,MEM,MEM,2015-16,64622
202343,Elliot Williams,williel01,Elliot Williams,CHA,MEM,2015-16,55722
1627293,Alex Stepheson,stephal01,Alex Stepheson,MEM,MEM,2015-16,30888
1627362,Briante Weber,weberbr01,Briante Weber,MIA,MEM,2015-16,30888
2547,Chris Bosh,boshch01,Chris Bosh,MIA,MIA,2015-16,22192730
2548,Dwyane Wade,wadedw01,Dwyane Wade,MIA,MIA,2015-16,20000000
201609,Goran Dragic,dragigo01,Goran Dragic,MIA,MIA,2015-16,14780000
2736,Luol Deng,denglu01,Luol Deng,MIA,MIA,2015-16,10151612
201177,Josh McRoberts,mcrobjo01,Josh McRoberts,MIA,MIA,2015-16,5543725
2617,Udonis Haslem,hasleud01,Udonis Haslem,MIA,MIA,2015-16,2854940
1626159,Justise Winslow,winslju01,Justise Winslow,MIA,MIA,2015-16,2481720
2757,Beno Udrih,udrihbe01,Beno Udrih,MEM,MIA,2015-16,2170465
2405,Amar'e Stoudemire,stoudam01,Amar'e Stoudemire,MIA,MIA,2015-16,1499187
101123,Gerald Green,greenge01,Gerald Green,MIA,MIA,2015-16,1356000
202355,Hassan Whiteside,whiteha01,Hassan Whiteside,MIA,MIA,2015-16,981348
204020,Tyler Johnson,johnsty01,Tyler Johnson,MIA,MIA,2015-16,845059
1626196,Josh Richardson,richajo01,Josh Richardson,MIA,MIA,2015-16,525093
2207,Joe Johnson,johnsjo02,Joe Johnson,MIA,MIA,2015-16,414481
2748,Dorell Wright,wrighdo01,Dorell Wright,MIA,MIA,2015-16,17637
1627362,Briante Weber,weberbr01,Briante Weber,MIA,MIA,2015-16,12355
202328,Greg Monroe,monrogr01,Greg Monroe,MIL,MIL,2015-16,16400000
203114,Khris Middleton,middlkh01,Khris Middleton,MIL,MIL,2015-16,15000000
201564,O.J. Mayo,mayooj01,O.J. Mayo,MIL,MIL,2015-16,8000000
202349,Greivis Vasquez,vasqugr01,Greivis Vasquez,MIL,MIL,2015-16,6600000
203953,Jabari Parker,parkeja01,Jabari Parker,MIL,MIL,2015-16,5152440
201573,Jerryd Bayless,bayleje01,Jerryd Bayless,MIL,MIL,2015-16,3000000
203089,John Henson,hensojo01,John Henson,MIL,MIL,2015-16,2943221
203487,Michael Carter-Williams,cartemi01,Michael Carter-Williams,MIL,MIL,2015-16,2399040
203101,Miles Plumlee,plumlmi01,Miles Plumlee,MIL,MIL,2015-16,2109294
203507,Giannis Antetokounmpo,antetgi01,Giannis Antetokounmpo,MIL,MIL,2015-16,1953960
202336,Larry Sanders,sandela01,Larry Sanders,MIL,MIL,2015-16,1865547
1626173,Rashad Vaughn,vaughra01,Rashad Vaughn,MIL,MIL,2015-16,1733040
203898,Tyler Ennis,ennisty01,Tyler Ennis,MIL,MIL,2015-16,1662360
203996,Damien Inglis,inglida01,Damien Inglis,MIL,MIL,2015-16,855000
203948,Johnny O'Bryant III,obryajo01,Johnny O'Bryant,MIL,MIL,2015-16,845059
200779,Steve Novak,novakst01,Steve Novak,MIL,MIL,2015-16,416886
203099,Jared Cunningham,cunnija01,Jared Cunningham,CLE,MIL,2015-16,57726
201937,Ricky Rubio,rubiori01,Ricky Rubio,MIN,MIN,2015-16,12365000
201593,Nikola Pekovic,pekovni01,Nikola Pekovic,MIN,MIN,2015-16,12100000
708,Kevin Garnett,garneke01,Kevin Garnett,MIN,MIN,2015-16,8500000
2755,Kevin Martin,martike02,Kevin Martin,SAS,MIN,2015-16,7085000
203952,Andrew Wiggins,wiggian01,Andrew Wiggins,MIN,MIN,2015-16,5758680
1626157,Karl-Anthony Towns,townska01,Karl-Anthony Towns,MIN,MIN,2015-16,5703600
202357,Nemanja Bjelica,bjeline01,Nemanja Bjelica,MIN,MIN,2015-16,4000000
203461,Anthony Bennett,bennean01,Anthony Bennett,TOR,MIN,2015-16,3650000
203897,Zach LaVine,lavinza01,Zach LaVine,MIN,MIN,2015-16,2148360
203498,Shabazz Muhammad,muhamsh01,Shabazz Muhammad,MIN,MIN,2015-16,2056920
203940,Adreian Payne,paynead01,Adreian Payne,MIN,MIN,2015-16,1938840
1889,Andre Miller,millean02,Andre Miller,SAS,MIN,2015-16,1499187
2419,Tayshaun Prince,princta01,Tayshaun Prince,MIN,MIN,2015-16,1499187
203476,Gorgui Dieng,dienggo01,Gorgui Dieng,MIN,MIN,2015-16,1474440
1626145,Tyus Jones,jonesty01,Tyus Jones,MIN,MIN,2015-16,1282080
204014,Damjan Rudez,rudezda01,Damjan Rudez,MIN,MIN,2015-16,1149500
202962,Greg Smith,smithgr02,Greg Smith,MIN,MIN,2015-16,247623
201569,Eric Gordon,gordoer01,Eric Gordon,NOP,NOP,2015-16,15514031
201936,Tyreke Evans,evansty01,Tyreke Evans,NOP,NOP,2015-16,11227000
201600,Omer Asik,asikom01,Omer Asik,NOP,NOP,2015-16,11000000
201950,Jrue Holiday,holidjr01,Jrue Holiday,NOP,NOP,2015-16,10595507
201583,Ryan Anderson,anderry01,Ryan Anderson,NOP,NOP,2015-16,8500000
203076,Anthony Davis,davisan02,Anthony Davis,NOP,NOP,2015-16,7070730
201582,Alexis Ajinca,ajincal01,Alexis Ajinca,NOP,NOP,2015-16,4300000
202347,Quincy Pondexter,pondequ01,Quincy Pondexter,NOP,NOP,2015-16,3382023
202708,Norris Cole,coleno01,Norris Cole,NOP,NOP,2015-16,3036927
201967,Dante Cunningham,cunnida01,Dante Cunningham,NOP,NOP,2015-16,3000000
2570,Kendrick Perkins,perkike01,Kendrick Perkins,NOP,NOP,2015-16,1499200
202087,Alonzo Gee,geeal01,Alonzo Gee,NOP,NOP,2015-16,1375000
201962,Toney Douglas,douglto01,Toney Douglas,NOP,NOP,2015-16,1164858
202337,Luke Babbitt,babbilu01,Luke Babbitt,NOP,NOP,2015-16,1100000
203950,Jarnell Stokes,stokeja01,Jarnell Stokes,MEM,NOP,2015-16,845059
1626214,Bryce Dejean-Jones,dejeabr01,Bryce Dejean-Jones,NOP,NOP,2015-16,281659
204025,Tim Frazier,fraziti01,Tim Frazier,NOP,NOP,2015-16,144157
202706,Jordan Hamilton,hamiljo02,Jordan Hamilton,NOP,NOP,2015-16,119462
203516,James Ennis III,ennisja01,James Ennis,NOP,NOP,2015-16,74564
203111,Orlando Johnson,johnsor01,Orlando Johnson,NOP,NOP,2015-16,55722
202690,Jimmer Fredette,fredeji01,Jimmer Fredette,SAS,NOP,2015-16,54812
101126,Nate Robinson,robinna01,Nate Robinson,NOP,NOP,2015-16,44000
2546,Carmelo Anthony,anthoca01,Carmelo Anthony,NYK,NYK,2015-16,22875000
201577,Robin Lopez,lopezro01,Robin Lopez,NYK,NYK,2015-16,13000000
201167,Arron Afflalo,afflaar01,Arron Afflalo,NYK,NYK,2015-16,8000000
101181,Jose Calderon,caldejo01,Jose Calderon,NYK,NYK,2015-16,7402812
202682,Derrick Williams,willide02,Derrick Williams,NYK,NYK,2015-16,4900000
204001,Kristaps Porziņģis,porzikr01,Kristaps Porzingis,NYK,NYK,2015-16,4131720
203124,Kyle O'Quinn,oquinky01,Kyle O'Quinn,NYK,NYK,2015-16,3750000
202338,Kevin Seraphin,serapke01,Kevin Seraphin,NYK,NYK,2015-16,2800000
200811,Lou Amundson,amundlo01,Lou Amundson,NYK,NYK,2015-16,1650000
202498,Lance Thomas,thomala01,Lance Thomas,NYK,NYK,2015-16,1650000
1626170,Jerian Grant,grantje02,Jerian Grant,NYK,NYK,2015-16,1572360
2756,Sasha Vujacic,vujacsa01,Sasha Vujacic,NYK,NYK,2015-16,1356146
204038,Langston Galloway,gallola01,Langston Galloway,NYK,NYK,2015-16,845059
203921,Cleanthony Early,earlycl01,Cleanthony Early,NYK,NYK,2015-16,845059
203100,Tony Wroten,wroteto01,Tony Wroten,NYK,NYK,2015-16,167406
203648,Thanasis Antetokounmpo,antetth01,Thanasis Antetokounmpo,NYK,NYK,2015-16,105888
,未知,saundwe01,Wesley Saunders,NYK,NYK,2015-16,75000
,未知,atkinda01,Darion Atkins,NYK,NYK,2015-16,75000
202690,Jimmer Fredette,fredeji01,Jimmer Fredette,SAS,NYK,2015-16,59731
,未知,tricetr01,Travis Trice,NYK,NYK,2015-16,50000
201142,Kevin Durant,duranke01,Kevin Durant,OKC,OKC,2015-16,20158622
201566,Russell Westbrook,westbru01,Russell Westbrook,OKC,OKC,2015-16,16744218
202683,Enes Freedom,kanteen01,Enes Kanter,OKC,OKC,2015-16,16400000
201586,Serge Ibaka,ibakase01,Serge Ibaka,OKC,OKC,2015-16,12350000
203079,Dion Waiters,waitedi01,Dion Waiters,OKC,OKC,2015-16,5138430
202713,Kyle Singler,singlky01,Kyle Singler,OKC,OKC,2015-16,5000000
2555,Nick Collison,collini01,Nick Collison,OKC,OKC,2015-16,3750000
201627,Anthony Morrow,morroan01,Anthony Morrow,OKC,OKC,2015-16,3344000
200751,Randy Foye,foyera01,Randy Foye,OKC,OKC,2015-16,3270000
203500,Steven Adams,adamsst01,Steven Adams,OKC,OKC,2015-16,2279040
1626166,Cameron Payne,payneca01,Cameron Payne,OKC,OKC,2015-16,2021520
203956,Mitch McGary,mcgarmi01,Mitch McGary,OKC,OKC,2015-16,1463040
203460,Andre Roberson,roberan03,Andre Roberson,OKC,OKC,2015-16,1210800
203962,Josh Huestis,huestjo01,Josh Huestis,OKC,OKC,2015-16,1140240
1737,Nazr Mohammed,mohamna01,Nazr Mohammed,OKC,OKC,2015-16,352750
202696,Nikola Vučević,vucevni01,Nikola Vucevic,ORL,ORL,2015-16,11250000
201943,Brandon Jennings,jennibr01,Brandon Jennings,ORL,ORL,2015-16,8344497
101141,Ersan Ilyasova,ilyaser01,Ersan Ilyasova,ORL,ORL,2015-16,7900000
203506,Victor Oladipo,oladivi01,Victor Oladipo,ORL,ORL,2015-16,5192520
201228,C.J. Watson,watsocj01,C.J. Watson,ORL,ORL,2015-16,5000000
201160,Jason Smith,smithja02,Jason Smith,ORL,ORL,2015-16,4300000
203932,Aaron Gordon,gordoaa01,Aaron Gordon,ORL,ORL,2015-16,4171680
1626209,Mario Hezonja,hezonma01,Mario Hezonja,ORL,ORL,2015-16,3741480
203901,Elfrid Payton,paytoel01,Elfrid Payton,ORL,ORL,2015-16,2505720
203094,Andrew Nicholson,nichoan01,Andrew Nicholson,ORL,ORL,2015-16,2380594
203095,Evan Fournier,fournev01,Evan Fournier,ORL,ORL,2015-16,2288205
203894,Shabazz Napier,napiesh01,Shabazz Napier,ORL,ORL,2015-16,1294440
203142,Chris Copeland,copelch01,Chris Copeland,MIL,ORL,2015-16,1100000
203099,Jared Cunningham,cunnija01,Jared Cunningham,CLE,ORL,2015-16,981348
203473,Dewayne Dedmon,dedmode01,Dewayne Dedmon,ORL,ORL,2015-16,947278
203925,Joe Harris,harrijo01,Joe Harris,CLE,ORL,2015-16,845059
203906,Devyn Marble,marblde01,Devyn Marble,ORL,ORL,2015-16,845059
203951,Keith Appling,applike01,Keith Appling,ORL,ORL,2015-16,161776
1626296,Jordan Sibert,siberjo01,Jordan Sibert,ORL,ORL,2015-16,100000
201580,JaVale McGee,mcgeeja01,JaVale McGee,DAL,PHI,2015-16,12000000
2222,Gerald Wallace,wallage01,Gerald Wallace,PHI,PHI,2015-16,10105855
201171,Carl Landry,landrca01,Carl Landry,PHI,PHI,2015-16,6500000
203954,Joel Embiid,embiijo01,Joel Embiid,PHI,PHI,2015-16,4626960
1626143,Jahlil Okafor,okafoja01,Jahlil Okafor,PHI,PHI,2015-16,4582680
203457,Nerlens Noel,noelne01,Nerlens Noel,PHI,PHI,2015-16,3457800
203128,Furkan Aldemir,aldemfu01,Furkan Aldemir,PHI,PHI,2015-16,3000000
203917,Nik Stauskas,stausni01,Nik Stauskas,PHI,PHI,2015-16,2869440
201603,Sonny Weems,weemsso01,Sonny Weems,PHX,PHI,2015-16,2800000
203100,Tony Wroten,wroteto01,Tony Wroten,NYK,PHI,2015-16,2179354
203088,Kendall Marshall,marshke01,Kendall Marshall,PHI,PHI,2015-16,2144722
202397,Ish Smith,smithis01,Ish Smith,PHI,PHI,2015-16,1100602
1626158,Richaun Holmes,holmeri01,Richaun Holmes,PHI,PHI,2015-16,1050000
203496,Robert Covington,covinro01,Robert Covington,PHI,PHI,2015-16,1000000
203138,Hollis Thompson,thompho01,Hollis Thompson,PHI,PHI,2015-16,947276
203477,Isaiah Canaan,canaais01,Isaiah Canaan,PHI,PHI,2015-16,947276
1882,Elton Brand,brandel01,Elton Brand,PHI,PHI,2015-16,890693
203960,JaKarr Sampson,sampsja02,JaKarr Sampson,DEN,PHI,2015-16,845059
203924,Jerami Grant,grantje01,Jerami Grant,PHI,PHI,2015-16,845059
203510,Pierre Jackson,jackspi01,Pierre Jackson,PHI,PHI,2015-16,750000
204456,T.J. McConnell,mccontj01,T.J. McConnell,PHI,PHI,2015-16,525093
1626174,Christian Wood,woodch01,Christian Wood,PHI,PHI,2015-16,305789
203515,Phil Pressey,pressph01,Phil Pressey,POR,PHI,2015-16,172739
202339,Eric Bledsoe,bledser01,Eric Bledsoe,PHX,PHO,2015-16,13086957
2199,Tyson Chandler,chandty01,Tyson Chandler,PHX,PHO,2015-16,13000000
202688,Brandon Knight,knighbr03,Brandon Knight,PHX,PHO,2015-16,12000000
203141,Mirza Teletovic,teletmi01,Mirza Teletovic,PHX,PHO,2015-16,5500000
200782,P.J. Tucker,tuckepj01,P.J. Tucker,PHX,PHO,2015-16,5500000
2743,Kris Humphries,humphkr01,Kris Humphries,ATL,PHO,2015-16,4600000
203458,Alex Len,lenal01,Alex Len,PHX,PHO,2015-16,3807120
1626164,Devin Booker,bookede01,Devin Booker,PHX,PHO,2015-16,2127840
203933,T.J. Warren,warretj01,T.J. Warren,PHX,PHO,2015-16,2041080
201971,DeJuan Blair,blairde01,DeJuan Blair,WAS,PHO,2015-16,2000000
101179,Ronnie Price,pricero01,Ronnie Price,PHX,PHO,2015-16,1499187
203462,Archie Goodwin,goodwar01,Archie Goodwin,PHX,PHO,2015-16,1160160
202720,Jon Leuer,leuerjo01,Jon Leuer,PHX,PHO,2015-16,1035000
203098,John Jenkins,jenkijo01,John Jenkins,PHX,PHO,2015-16,981000
203928,Cory Jefferson,jeffeco01,Cory Jefferson,PHX,PHO,2015-16,421449
201978,Chase Budinger,budinch01,Chase Budinger,PHX,PHO,2015-16,258082
203955,Bryce Cotton,cottobr01,Bryce Cotton,MEM,PHO,2015-16,228663
1626210,Alan Williams,willial03,Alan Williams,PHX,PHO,2015-16,114285
203515,Phil Pressey,pressph01,Phil Pressey,POR,PHO,2015-16,111444
203485,Lorenzo Brown,brownlo01,Lorenzo Brown,DET,PHO,2015-16,111444
203895,Jordan McRae,mcraejo01,Jordan McRae,CLE,PHO,2015-16,61776
203111,Orlando Johnson,johnsor01,Orlando Johnson,NOP,PHO,2015-16,55722
2760,Anderson Varejao,varejan01,Anderson Varejao,GSW,POR,2015-16,9638554
202329,Al-Farouq Aminu,aminual01,Al-Farouq Aminu,POR,POR,2015-16,7500000
202334,Ed Davis,davised01,Ed Davis,POR,POR,2015-16,7000000
201945,Gerald Henderson,hendege02,Gerald Henderson,POR,POR,2015-16,6000000
2549,Chris Kaman,kamanch01,Chris Kaman,POR,POR,2015-16,5000000
203081,Damian Lillard,lillada01,Damian Lillard,POR,POR,2015-16,4236287
203086,Meyers Leonard,leoname01,Meyers Leonard,POR,POR,2015-16,3075880
203090,Maurice Harkless,harklma01,Maurice Harkless,POR,POR,2015-16,2894059
2034,Mike Miller,millemi01,Mike Miller,DEN,POR,2015-16,2854940
203148,Brian Roberts,roberbr01,Brian Roberts,POR,POR,2015-16,2854940
203943,Noah Vonleh,vonleno01,Noah Vonleh,POR,POR,2015-16,2637720
203468,CJ McCollum,mccolcj01,CJ McCollum,POR,POR,2015-16,2525160
203486,Mason Plumlee,plumlma01,Mason Plumlee,POR,POR,2015-16,1415520
203459,Allen Crabbe,crabbal01,Allen Crabbe,POR,POR,2015-16,947276
204025,Tim Frazier,fraziti01,Tim Frazier,NOP,POR,2015-16,845059
1626146,Cliff Alexander,alexacl01,Cliff Alexander,POR,POR,2015-16,525093
1626242,Luis Montero,montelu01,Luis Montero,POR,POR,2015-16,525093
1626192,Pat Connaughton,connapa01,Pat Connaughton,POR,POR,2015-16,525093
202326,DeMarcus Cousins,couside01,DeMarcus Cousins,SAC,SAC,2015-16,14728844
200752,Rudy Gay,gayru01,Rudy Gay,SAC,SAC,2015-16,12403101
200765,Rajon Rondo,rondora01,Rajon Rondo,SAC,SAC,2015-16,9500000
201585,Kosta Koufos,koufoko01,Kosta Koufos,SAC,SAC,2015-16,7500000
201158,Marco Belinelli,belinma01,Marco Belinelli,SAC,SAC,2015-16,6333333
201954,Darren Collison,collida01,Darren Collison,SAC,SAC,2015-16,5013559
1626161,Willie Cauley-Stein,caulewi01,Willie Cauley-Stein,SAC,SAC,2015-16,3398280
203463,Ben McLemore,mclembe01,Ben McLemore,SAC,SAC,2015-16,3156600
201956,Omri Casspi,casspom01,Omri Casspi,SAC,SAC,2015-16,3000000
2406,Caron Butler,butleca01,Caron Butler,SAC,SAC,2015-16,1499187
202341,James Anderson,anderja01,James Anderson,SAC,SAC,2015-16,1015421
203112,Quincy Acy,acyqu01,Quincy Acy,SAC,SAC,2015-16,981348
203552,Seth Curry,curryse01,Seth Curry,SAC,SAC,2015-16,947276
201961,Wayne Ellington,ellinwa01,Wayne Ellington,BKN,SAC,2015-16,923670
203961,Eric Moreland,moreler01,Eric Moreland,SAC,SAC,2015-16,845059
1626251,Duje Dukan,dukandu01,Duje Dukan,SAC,SAC,2015-16,525093
,未知,hendema01,Marshall Henderson,SAC,SAC,2015-16,35000
1626205,Vincent Hunter,huntevi01,Vince Hunter,SAC,SAC,2015-16,35000
200746,LaMarcus Aldridge,aldrila01,LaMarcus Aldridge,SAS,SAS,2015-16,19500000
202695,Kawhi Leonard,leonaka01,Kawhi Leonard,SAS,SAS,2015-16,16500000
2225,Tony Parker,parketo01,Tony Parker,SAS,SAS,2015-16,13437500
201980,Danny Green,greenda02,Danny Green,SAS,SAS,2015-16,10000000
2564,Boris Diaw,diawbo01,Boris Diaw,SAS,SAS,2015-16,7000000
1495,Tim Duncan,duncati01,Tim Duncan,SAS,SAS,2015-16,5000000
201988,Patty Mills,millspa02,Patrick Mills,SAS,SAS,2015-16,3578947
1938,Manu Ginobili,ginobma01,Manu Ginobili,SAS,SAS,2015-16,2814000
2588,Matt Bonner,bonnema01,Matt Bonner,SAS,SAS,2015-16,1499187
2446,Rasual Butler,butlera01,Rasual Butler,SAS,SAS,2015-16,1499187
2561,David West,westda01,David West,SAS,SAS,2015-16,1499000
1626246,Boban Marjanović,marjabo01,Boban Marjanovic,SAS,SAS,2015-16,1200000
203937,Kyle Anderson,anderky01,Kyle Anderson,SAS,SAS,2015-16,1142879
203492,Ray McCallum,mccalra01,Ray McCallum,SAS,SAS,2015-16,947276
203613,Jonathon Simmons,simmojo02,Jonathon Simmons,SAS,SAS,2015-16,525093
202690,Jimmer Fredette,fredeji01,Jimmer Fredette,SAS,SAS,2015-16,507711
1889,Andre Miller,millean02,Andre Miller,SAS,SAS,2015-16,396844
2755,Kevin Martin,martike02,Kevin Martin,SAS,SAS,2015-16,317475
201960,DeMarre Carroll,carrode01,DeMarre Carroll,TOR,TOR,2015-16,13500000
200768,Kyle Lowry,lowryky01,Kyle Lowry,TOR,TOR,2015-16,12000000
201942,DeMar DeRozan,derozde01,DeMar DeRozan,TOR,TOR,2015-16,9500000
202709,Cory Joseph,josepco01,Cory Joseph,TOR,TOR,2015-16,7000000
202335,Patrick Patterson,pattepa01,Patrick Patterson,TOR,TOR,2015-16,6268675
202685,Jonas Valančiūnas,valanjo01,Jonas Valanciunas,TOR,TOR,2015-16,4660482
203082,Terrence Ross,rosste01,Terrence Ross,TOR,TOR,2015-16,3553917
202687,Bismack Biyombo,biyombi01,Bismack Biyombo,TOR,TOR,2015-16,3000000
2449,Luis Scola,scolalu01,Luis Scola,TOR,TOR,2015-16,3000000
201949,James Johnson,johnsja01,James Johnson,TOR,TOR,2015-16,2500000
203512,Lucas Nogueira,noguelu01,Lucas Nogueira,TOR,TOR,2015-16,1842000
203998,Bruno Caboclo,cabocbr01,Bruno Caboclo,TOR,TOR,2015-16,1524000
1626153,Delon Wright,wrighde01,Delon Wright,TOR,TOR,2015-16,1509360
203461,Anthony Bennett,bennean01,Anthony Bennett,TOR,TOR,2015-16,947276
1626181,Norman Powell,powelno01,Norman Powell,TOR,TOR,2015-16,650000
201574,Jason Thompson,thompja02,Jason Thompson,TOR,TOR,2015-16,328955
,未知,roberro01,Ronald Roberts,TOR,TOR,2015-16,75000
,未知,kysermi01,Michale Kyser,TOR,TOR,2015-16,25000
,未知,scottsh02,Shannon Scott,TOR,TOR,2015-16,25000
1626253,Axel Toupane,toupaax01,Axel Toupane,DEN,TOR,2015-16,25000
202330,Gordon Hayward,haywago01,Gordon Hayward,UTA,UTA,2015-16,15409570
202324,Derrick Favors,favorde01,Derrick Favors,UTA,UTA,2015-16,11933333
202692,Alec Burks,burksal01,Alec Burks,UTA,UTA,2015-16,9213484
202344,Trevor Booker,booketr01,Trevor Booker,UTA,UTA,2015-16,4775000
203957,Danté Exum,exumda01,Dante Exum,UTA,UTA,2015-16,3777720
202353,Tibor Pleiss,pleisti01,Tibor Pleiss,UTA,UTA,2015-16,3000000
203504,Trey Burke,burketr01,Trey Burke,UTA,UTA,2015-16,2658240
202714,Shelvin Mack,macksh01,Shelvin Mack,UTA,UTA,2015-16,2433333
204060,Joe Ingles,inglejo01,Joe Ingles,UTA,UTA,2015-16,2250000
1626168,Trey Lyles,lylestr01,Trey Lyles,UTA,UTA,2015-16,2239800
203918,Rodney Hood,hoodro01,Rodney Hood,UTA,UTA,2015-16,1348440
203497,Rudy Gobert,goberru01,Rudy Gobert,UTA,UTA,2015-16,1175880
203526,Raul Neto,netora01,Raul Neto,UTA,UTA,2015-16,1000000
203187,Chris Johnson,johnsch04,Chris Johnson,UTA,UTA,2015-16,981348
203511,Grant Jerrett,jerregr01,Grant Jerrett,UTA,UTA,2015-16,947276
203481,Jeff Withey,witheje01,Jeff Withey,UTA,UTA,2015-16,947276
202407,Elijah Millsap,millsel01,Elijah Millsap,UTA,UTA,2015-16,362878
1626266,JJ O'Brien,obriejj01,J.J. O'Brien,UTA,UTA,2015-16,105888
203475,Erick Green,greener01,Erick Green,DEN,UTA,2015-16,99418
1626203,Treveon Graham,grahatr01,Treveon Graham,UTA,UTA,2015-16,75000
,未知,singlej01,E.J. Singler,UTA,UTA,2015-16,50000
202322,John Wall,walljo01,John Wall,WAS,WAS,2015-16,15851950
2403,Nene,hilarne01,Nene Hilario,WAS,WAS,2015-16,13000000
101162,Marcin Gortat,gortama01,Marcin Gortat,WAS,WAS,2015-16,11217391
202693,Markieff Morris,morrima02,Markieff Morris,WAS,WAS,2015-16,8000000
203078,Bradley Beal,bealbr01,Bradley Beal,WAS,WAS,2015-16,5694674
101110,Martell Webster,webstma02,Martell Webster,WAS,WAS,2015-16,5613500
203490,Otto Porter Jr.,porteot01,Otto Porter,WAS,WAS,2015-16,4662960
201162,Jared Dudley,dudleja01,Jared Dudley,WAS,WAS,2015-16,4250000
101187,Alan Anderson,anderal01,Alan Anderson,WAS,WAS,2015-16,4000000
2400,Drew Gooden,goodedr01,Drew Gooden,WAS,WAS,2015-16,3300000
201196,Ramon Sessions,sessira01,Ramon Sessions,WAS,WAS,2015-16,2170465
202390,Gary Neal,nealga01,Gary Neal,WAS,WAS,2015-16,2100000
1626162,Kelly Oubre Jr.,oubreke01,Kelly Oubre,WAS,WAS,2015-16,1920240
202066,Garrett Temple,templga01,Garrett Temple,WAS,WAS,2015-16,1100602
204067,Jarell Eddie,eddieja01,Jarell Eddie,WAS,WAS,2015-16,561716
201581,JJ Hickson,hicksjj01,J.J. Hickson,WAS,WAS,2015-16,366337
201977,Marcus Thornton,thornma01,Marcus Thornton,WAS,WAS,2015-16,251107
200797,Ryan Hollins,holliry01,Ryan Hollins,MEM,WAS,2015-16,176375
