id,full_name,id_in_br,full_name_in_br,team,br_team,season,salary
203145,Kent Bazemore,bazemke01,Kent Bazemore,ATL,ATL,2017-18,16910113
203471,Dennis Schröder,schrode01,Dennis Schroder,ATL,ATL,2017-18,15500000
203101,Miles Plumlee,plumlmi01,Miles Plumlee,ATL,ATL,2017-18,12500000
2037,Jamal Crawford,crawfja01,Jamal Crawford,MIN,ATL,2017-18,10942762
201158,Marco Belinelli,belinma01,Marco Belinelli,PHI,ATL,2017-18,6306060
203473,Dewayne Dedmon,dedmode01,Dewayne Dedmon,ATL,ATL,2017-18,6000000
101141,Ersan Ilyasova,ilyaser01,Ersan Ilyasova,PHI,ATL,2017-18,5434282
203488,Mike Muscala,muscami01,Mike Muscala,ATL,ATL,2017-18,5000000
1627098,Malcolm Delaney,delanma01,Malcolm Delaney,ATL,ATL,2017-18,2500000
2210,Richard Jefferson,jefferi01,Richard Jefferson,DEN,ATL,2017-18,2500000
1627752,Taurean Prince,princta02,Taurean Waller-Prince,ATL,ATL,2017-18,2422560
1628381,John Collins,collijo01,John Collins,ATL,ATL,2017-18,1936920
2399,Mike Dunleavy,dunlemi02,Mike Dunleavy,ATL,ATL,2017-18,1662500
1627761,DeAndre' Bembry,bembrde01,DeAndre' Bembry,ATL,ATL,2017-18,1567200
1627855,Okaro White,whiteok01,Okaro White,CLE,ATL,2017-18,1312611
1627819,Isaiah Taylor,taylois01,Isaiah Taylor,ATL,ATL,2017-18,1312611
1627754,Diamond Stone,stonedi01,Diamond Stone,ATL,ATL,2017-18,1312611
1627815,Sheldon Mac,mcclesh01,Sheldon Mac,ATL,ATL,2017-18,1312611
1627852,Nicolas Brussino,brussni01,Nicolas Brussino,ATL,ATL,2017-18,905249
1628416,Tyler Dorsey,dorsety01,Tyler Dorsey,ATL,ATL,2017-18,815615
1628463,Tyler Cavanaugh,cavanty01,Tyler Cavanaugh,ATL,ATL,2017-18,729919
1628499,Antonius Cleveland,clevean01,Antonius Cleveland,ATL,ATL,2017-18,225792
1628537,Jaylen Morris,morrija01,Jaylen Morris,ATL,ATL,2017-18,193536
1627814,Damion Lee,leeda03,Damion Lee,ATL,ATL,2017-18,138240
202379,Jeremy Evans,evansje01,Jeremy Evans,ATL,ATL,2017-18,133129
1626188,Quinn Cook,cookqu01,Quinn Cook,GSW,ATL,2017-18,100000
202732,DeAndre Liggins,liggide01,DeAndre Liggins,NOP,ATL,2017-18,26773
203705,Josh Magette,magetjo01,Josh Magette,ATL,ATL,2017-18,0
1628510,Andrew White III,whitean01,Andrew White,ATL,ATL,2017-18,0
202330,Gordon Hayward,haywago01,Gordon Hayward,BOS,BOS,2017-18,29727900
201143,Al Horford,horfoal01,Al Horford,BOS,BOS,2017-18,27734405
202681,Kyrie Irving,irvinky01,Kyrie Irving,BOS,BOS,2017-18,18868625
1628369,Jayson Tatum,tatumja01,Jayson Tatum,BOS,BOS,2017-18,5645400
202694,Marcus Morris Sr.,morrima03,Marcus Morris,BOS,BOS,2017-18,5000000
202328,Greg Monroe,monrogr01,Greg Monroe,BOS,BOS,2017-18,5000000
1627759,Jaylen Brown,brownja02,Jaylen Brown,BOS,BOS,2017-18,4956480
203935,Marcus Smart,smartma01,Marcus Smart,BOS,BOS,2017-18,4538020
203382,Aron Baynes,baynear01,Aron Baynes,BOS,BOS,2017-18,4328000
1627824,Guerschon Yabusele,yabusgu01,Guerschon Yabusele,BOS,BOS,2017-18,2247480
1626179,Terry Rozier,roziete01,Terry Rozier,BOS,BOS,2017-18,1988520
203499,Shane Larkin,larkish01,Shane Larkin,BOS,BOS,2017-18,1471382
1628400,Semi Ojeleye,ojelese01,Semi Ojeleye,BOS,BOS,2017-18,1291892
1627846,Abdel Nader,naderab01,Abdel Nader,BOS,BOS,2017-18,1167333
1628464,Daniel Theis,theisda01,Daniel Theis,BOS,BOS,2017-18,815615
1627743,Demetrius Jackson,jacksde01,Demetrius Jackson,PHI,BOS,2017-18,92858
204067,Jarell Eddie,eddieja01,Jarell Eddie,CHI,BOS,2017-18,83129
202918,Xavier Silas,silasxa01,Xavier Silas,BOS,BOS,2017-18,74159
1626780,Jonathan Gibson,gibsojo01,Jonathan Gibson,BOS,BOS,2017-18,44495
1628444,Jabari Bird,birdja01,Jabari Bird,BOS,BOS,2017-18,0
1628443,Kadeem Allen,allenka01,Kadeem Allen,BOS,BOS,2017-18,0
203459,Allen Crabbe,crabbal01,Allen Crabbe,BKN,BRK,2017-18,19332500
202389,Timofey Mozgov,mozgoti01,Timofey Mozgov,BKN,BRK,2017-18,15280000
201960,DeMarre Carroll,carrode01,DeMarre Carroll,BKN,BRK,2017-18,14800000
202391,Jeremy Lin,linje01,Jeremy Lin,BKN,BRK,2017-18,12000000
1626156,D'Angelo Russell,russeda01,D'Angelo Russell,BKN,BRK,2017-18,5562360
101114,Deron Williams,willide01,Deron Williams,BKN,BRK,2017-18,5474787
1626143,Jahlil Okafor,okafoja01,Jahlil Okafor,BKN,BRK,2017-18,4995120
203917,Nik Stauskas,stausni01,Nik Stauskas,BKN,BRK,2017-18,3807147
201967,Dante Cunningham,cunnida01,Dante Cunningham,BKN,BRK,2017-18,2300000
1628386,Jarrett Allen,allenja01,Jarrett Allen,BKN,BRK,2017-18,1713720
203112,Quincy Acy,acyqu01,Quincy Acy,BKN,BRK,2017-18,1709538
1627747,Caris LeVert,leverca01,Caris LeVert,BKN,BRK,2017-18,1632480
203930,Sean Kilpatrick,kilpase01,Sean Kilpatrick,CHI,BRK,2017-18,1524305
203925,Joe Harris,harrijo01,Joe Harris,BKN,BRK,2017-18,1524305
203915,Spencer Dinwiddie,dinwisp01,Spencer Dinwiddie,BKN,BRK,2017-18,1524305
1626178,Rondae Hollis-Jefferson,holliro01,Rondae Hollis-Jefferson,BKN,BRK,2017-18,1471382
1627785,Isaiah Whitehead,whiteis01,Isaiah Whitehead,BKN,BRK,2017-18,1312611
,未知,ouattya01,Yakuba Ouattara,BKN,BRK,2017-18,0
1628495,Milton Doyle,doylemi01,Milton Doyle,BKN,BRK,2017-18,0
1627821,James Webb III,webbja01,James Webb,BKN,BRK,2017-18,0
1628451,Jacob Wiley,wileyja01,Jacob Wiley,BKN,BRK,2017-18,0
2730,Dwight Howard,howardw01,Dwight Howard,CHA,CHO,2017-18,23500000
201587,Nicolas Batum,batumni01,Nicolas Batum,CHA,CHO,2017-18,22434783
101107,Marvin Williams,willima02,Marvin Williams,CHA,CHO,2017-18,13168750
203077,Michael Kidd-Gilchrist,kiddgmi01,Michael Kidd-Gilchrist,CHA,CHO,2017-18,13000000
203469,Cody Zeller,zelleco01,Cody Zeller,CHA,CHO,2017-18,12584270
202689,Kemba Walker,walkeke02,Kemba Walker,CHA,CHO,2017-18,12000000
203087,Jeremy Lamb,lambje01,Jeremy Lamb,CHA,CHO,2017-18,7000000
1628370,Malik Monk,monkma01,Malik Monk,CHA,CHO,2017-18,2904480
1626163,Frank Kaminsky,kaminfr01,Frank Kaminsky,CHA,CHO,2017-18,2847600
203487,Michael Carter-Williams,cartemi01,Michael Carter-Williams,CHA,CHO,2017-18,2700000
202933,Julyan Stone,stoneju01,Julyan Stone,CHA,CHO,2017-18,1524305
1626195,Willy Hernangomez,hernawi01,Willy Hernangomez,CHA,CHO,2017-18,1435750
1626203,Treveon Graham,grahatr01,Treveon Graham,CHA,CHO,2017-18,1312611
1628407,Dwayne Bacon,bacondw01,Dwayne Bacon,CHA,CHO,2017-18,815615
1628493,Mangok Mathiang,mathima01,Mangok Mathiang,CHA,CHO,2017-18,0
1627779,Marcus Paige,paigema01,Marcus Paige,CHA,CHO,2017-18,0
2548,Dwyane Wade,wadedw01,Dwyane Wade,MIA,CHI,2017-18,15550000
201577,Robin Lopez,lopezro01,Robin Lopez,CHI,CHI,2017-18,13788500
201600,Omer Asik,asikom01,Omer Asik,CHI,CHI,2017-18,10595505
1626245,Cristiano Felicio,feliccr01,Cristiano Felicio,CHI,CHI,2017-18,7843500
203200,Justin Holiday,holidju01,Justin Holiday,CHI,CHI,2017-18,4615385
1627739,Kris Dunn,dunnkr01,Kris Dunn,CHI,CHI,2017-18,4046760
202347,Quincy Pondexter,pondequ01,Quincy Pondexter,CHI,CHI,2017-18,3853931
1628374,Lauri Markkanen,markkla01,Lauri Markkanen,CHI,CHI,2017-18,3821640
203943,Noah Vonleh,vonleno01,Noah Vonleh,CHI,CHI,2017-18,3505233
203897,Zach LaVine,lavinza01,Zach LaVine,CHI,CHI,2017-18,3202217
200765,Rajon Rondo,rondora01,Rajon Rondo,NOP,CHI,2017-18,3000000
1626166,Cameron Payne,payneca01,Cameron Payne,CHI,CHI,2017-18,2203440
1627756,Denzel Valentine,valende01,Denzel Valentine,CHI,CHI,2017-18,2186400
203930,Sean Kilpatrick,kilpase01,Sean Kilpatrick,CHI,CHI,2017-18,2163006
1626170,Jerian Grant,grantje02,Jerian Grant,CHI,CHI,2017-18,1713840
1626171,Bobby Portis,portibo01,Bobby Portis,CHI,CHI,2017-18,1516320
203186,Willie Reed,reedwi02,Willie Reed,DET,CHI,2017-18,1471382
2754,Tony Allen,allento01,Tony Allen,NOP,CHI,2017-18,1471382
1627835,Paul Zipser,zipsepa01,Paul Zipser,CHI,CHI,2017-18,1312611
1628021,David Nwaba,nwabada01,David Nwaba,CHI,CHI,2017-18,1312611
1627770,Kay Felder,feldeka01,Kay Felder,DET,CHI,2017-18,489448
203477,Isaiah Canaan,canaais01,Isaiah Canaan,PHX,CHI,2017-18,200000
204067,Jarell Eddie,eddieja01,Jarell Eddie,CHI,CHI,2017-18,100353
,未知,johnsja04,Jaylen Johnson,CHI,CHI,2017-18,87552
,未知,faircj02,C.J. Fair,CHI,CHI,2017-18,82944
1627754,Diamond Stone,stonedi01,Diamond Stone,CHI,CHI,2017-18,50000
1628469,Antonio Blakeney,blakean01,Antonio Blakeney,CHI,CHI,2017-18,0
1627853,Ryan Arcidiacono,arcidry01,Ryan Arcidiacono,CHI,CHI,2017-18,0
2544,LeBron James,jamesle01,LeBron James,CLE,CLE,2017-18,33285709
201567,Kevin Love,loveke01,Kevin Love,CLE,CLE,2017-18,22642350
201588,George Hill,hillge01,George Hill,CLE,CLE,2017-18,20000000
202684,Tristan Thompson,thomptr01,Tristan Thompson,CLE,CLE,2017-18,16400000
2747,JR Smith,smithjr01,J.R. Smith,CLE,CLE,2017-18,13760000
203903,Jordan Clarkson,clarkjo01,Jordan Clarkson,CLE,CLE,2017-18,11562500
2594,Kyle Korver,korveky01,Kyle Korver,CLE,CLE,2017-18,7000000
1626224,Cedi Osman,osmande01,Cedi Osman,CLE,CLE,2017-18,2642857
203918,Rodney Hood,hoodro01,Rodney Hood,CLE,CLE,2017-18,2386864
201145,Jeff Green,greenje02,Jeff Green,CLE,CLE,2017-18,2116955
1627790,Ante Zizic,zizican01,Ante Zizic,CLE,CLE,2017-18,1645200
1626204,Larry Nance Jr.,nancela02,Larry Nance,CLE,CLE,2017-18,1471382
101181,Jose Calderon,caldejo01,Jose Calderon,CLE,CLE,2017-18,1471382
201565,Derrick Rose,rosede01,Derrick Rose,MIN,CLE,2017-18,1356709
1627855,Okaro White,whiteok01,Okaro White,CLE,CLE,2017-18,111238
,未知,thornma02,Marcus Thornton,CLE,CLE,2017-18,46080
2570,Kendrick Perkins,perkike01,Kendrick Perkins,CLE,CLE,2017-18,13156
1628506,London Perrantes,perralo01,London Perrantes,CLE,CLE,2017-18,0
204066,John Holland,hollajo02,John Holland,CLE,CLE,2017-18,0
203084,Harrison Barnes,barneha02,Harrison Barnes,DAL,DAL,2017-18,23112004
202083,Wesley Matthews,matthwe02,Wesley Matthews,DAL,DAL,2017-18,17884176
203939,Dwight Powell,poweldw01,Dwight Powell,DAL,DAL,2017-18,9003125
201177,Josh McRoberts,mcrobjo01,Josh McRoberts,DAL,DAL,2017-18,6021175
1717,Dirk Nowitzki,nowitdi01,Dirk Nowitzki,DAL,DAL,2017-18,5000000
203457,Nerlens Noel,noelne01,Nerlens Noel,DAL,DAL,2017-18,4187599
200826,J.J. Barea,bareajo01,J.J. Barea,DAL,DAL,2017-18,3903900
203926,Doug McDermott,mcderdo01,Doug McDermott,DAL,DAL,2017-18,3294994
1628372,Dennis Smith Jr.,smithde03,Dennis Smith,DAL,DAL,2017-18,3218280
203552,Seth Curry,curryse01,Seth Curry,DAL,DAL,2017-18,3028410
203481,Jeff Withey,witheje01,Jeff Withey,DAL,DAL,2017-18,1577320
1626257,Salah Mejri,mejrisa01,Salah Mejri,DAL,DAL,2017-18,1471382
1627827,Dorian Finney-Smith,finnedo01,Dorian Finney-Smith,DAL,DAL,2017-18,1312611
1627812,Yogi Ferrell,ferreyo01,Yogi Ferrell,DAL,DAL,2017-18,1312611
1628467,Maxi Kleber,klebima01,Maxi Kleber,DAL,DAL,2017-18,815615
1627858,Kyle Collinsworth,colliky01,Kyle Collinsworth,DAL,DAL,2017-18,382464
203539,Gal Mekel,mekelga01,Gal Mekel,DAL,DAL,2017-18,315760
1626151,Aaron Harrison,harriaa01,Aaron Harrison,DAL,DAL,2017-18,174571
203816,Scotty Hopson,hopsosc01,Scotty Hopson,DAL,DAL,2017-18,74159
1627866,Jameel Warney,warneja01,Jameel Warney,DAL,DAL,2017-18,46080
1627883,Jalen Jones,jonesja04,Jalen Jones,DAL,DAL,2017-18,0
1628405,Johnathan Motley,motlejo01,Johnathan Motley,DAL,DAL,2017-18,0
1628499,Antonius Cleveland,clevean01,Antonius Cleveland,ATL,DAL,2017-18,0
1628492,Gian Clavell,clavegi01,Gian Clavell,DAL,DAL,2017-18,0
200794,Paul Millsap,millspa01,Paul Millsap,DEN,DEN,2017-18,31269231
203486,Mason Plumlee,plumlma01,Mason Plumlee,DEN,DEN,2017-18,14041096
202702,Kenneth Faried,farieke01,Kenneth Faried,DEN,DEN,2017-18,12921348
201163,Wilson Chandler,chandwi01,Wilson Chandler,DEN,DEN,2017-18,12016854
201589,Darrell Arthur,arthuda01,Darrell Arthur,DEN,DEN,2017-18,7464912
2749,Jameer Nelson,nelsoja01,Jameer Nelson,DET,DEN,2017-18,4736050
2734,Devin Harris,harride01,Devin Harris,DEN,DEN,2017-18,4402546
203115,Will Barton,bartowi01,Will Barton,DEN,DEN,2017-18,3533333
1627750,Jamal Murray,murraja01,Jamal Murray,DEN,DEN,2017-18,3355320
203914,Gary Harris,harriga01,Gary Harris,DEN,DEN,2017-18,2550055
1626168,Trey Lyles,lylestr01,Trey Lyles,DEN,DEN,2017-18,2441400
1627823,Juancho Hernangomez,hernaju01,Juan Hernangomez,DEN,DEN,2017-18,2076840
1627736,Malik Beasley,beaslma01,Malik Beasley,DEN,DEN,2017-18,1700640
1628399,Tyler Lydon,lydonty01,Tyler Lydon,DEN,DEN,2017-18,1579440
203999,Nikola Jokić,jokicni01,Nikola Jokic,DEN,DEN,2017-18,1471382
2210,Richard Jefferson,jefferi01,Richard Jefferson,DEN,DEN,2017-18,1454756
1628420,Monté Morris,morrimo01,Monte Morris,DEN,DEN,2017-18,0
1628470,Torrey Craig,craigto01,Torrey Craig,DEN,DEN,2017-18,0
201933,Blake Griffin,griffbl01,Blake Griffin,DET,DET,2017-18,29727900
203083,Andre Drummond,drumman01,Andre Drummond,DET,DET,2017-18,23775506
202704,Reggie Jackson,jacksre01,Reggie Jackson,DET,DET,2017-18,16000000
202720,Jon Leuer,leuerjo01,Jon Leuer,DET,DET,2017-18,10497319
204038,Langston Galloway,gallola01,Langston Galloway,DET,DET,2017-18,6666667
202397,Ish Smith,smithis01,Ish Smith,DET,DET,2017-18,6000000
2746,Josh Smith,smithjo03,Josh Smith,NOP,DET,2017-18,5331729
201229,Anthony Tolliver,tollian01,Anthony Tolliver,DET,DET,2017-18,3290000
1626169,Stanley Johnson,johnsst04,Stanley Johnson,DET,DET,2017-18,3097800
203516,James Ennis III,ennisja01,James Ennis,DET,DET,2017-18,3028410
1628379,Luke Kennard,kennalu01,Luke Kennard,DET,DET,2017-18,2759280
203493,Reggie Bullock Jr.,bullore01,Reggie Bullock,DET,DET,2017-18,2500000
1627740,Henry Ellenson,ellenhe01,Henry Ellenson,DET,DET,2017-18,1780800
203961,Eric Moreland,moreler01,Eric Moreland,DET,DET,2017-18,1739333
2749,Jameer Nelson,nelsoja01,Jameer Nelson,DET,DET,2017-18,1429818
202779,Dwight Buycks,buyckdw01,Dwight Buycks,DET,DET,2017-18,748160
1627771,Michael Gbinije,gbinimi01,Michael Gbinije,DET,DET,2017-18,500000
2757,Beno Udrih,udrihbe01,Beno Udrih,DET,DET,2017-18,25000
1626242,Luis Montero,montelu01,Luis Montero,DET,DET,2017-18,0
203687,Reggie Hearn,hearnre01,Reggie Hearn,DET,DET,2017-18,0
1627770,Kay Felder,feldeka01,Kay Felder,DET,DET,2017-18,0
201939,Stephen Curry,curryst01,Stephen Curry,GSW,GSW,2017-18,34682550
201142,Kevin Durant,duranke01,Kevin Durant,GSW,GSW,2017-18,25000000
202691,Klay Thompson,thompkl01,Klay Thompson,GSW,GSW,2017-18,17826150
203110,Draymond Green,greendr01,Draymond Green,GSW,GSW,2017-18,16400000
2738,Andre Iguodala,iguodan01,Andre Iguodala,GSW,GSW,2017-18,14814815
2733,Shaun Livingston,livinsh01,Shaun Livingston,GSW,GSW,2017-18,7692308
201156,Nick Young,youngni01,Nick Young,GSW,GSW,2017-18,5192000
2585,Zaza Pachulia,pachuza01,Zaza Pachulia,GSW,GSW,2017-18,3477600
201956,Omri Casspi,casspom01,Omri Casspi,GSW,GSW,2017-18,1471382
1626172,Kevon Looney,looneke01,Kevon Looney,GSW,GSW,2017-18,1471382
201580,JaVale McGee,mcgeeja01,JaVale McGee,GSW,GSW,2017-18,1471382
2561,David West,westda01,David West,GSW,GSW,2017-18,1471382
1627745,Damian Jones,jonesda03,Damian Jones,GSW,GSW,2017-18,1312611
1627775,Patrick McCaw,mccawpa01,Patrick McCaw,GSW,GSW,2017-18,1312611
201574,Jason Thompson,thompja02,Jason Thompson,GSW,GSW,2017-18,945126
1628395,Jordan Bell,belljo01,Jordan Bell,GSW,GSW,2017-18,815615
1626188,Quinn Cook,cookqu01,Quinn Cook,GSW,GSW,2017-18,14832
1628449,Chris Boucher,bouchch01,Chris Boucher,GSW,GSW,2017-18,0
201935,James Harden,hardeja01,James Harden,HOU,HOU,2017-18,28299399
101108,Chris Paul,paulch01,Chris Paul,HOU,HOU,2017-18,24599495
201583,Ryan Anderson,anderry01,Ryan Anderson,HOU,HOU,2017-18,19578455
201569,Eric Gordon,gordoer01,Eric Gordon,HOU,HOU,2017-18,12943020
200782,P.J. Tucker,tuckepj01,P.J. Tucker,HOU,HOU,2017-18,7590035
2772,Trevor Ariza,arizatr01,Trevor Ariza,HOU,HOU,2017-18,7420912
2403,Nene,hilarne01,Nene Hilario,HOU,HOU,2017-18,3477600
204028,Tarik Black,blackta01,Tarik Black,HOU,HOU,2017-18,3290000
203991,Clint Capela,capelca01,Clint Capela,HOU,HOU,2017-18,2334520
1627786,Troy Williams,willitr02,Troy Williams,NYK,HOU,2017-18,1471382
201601,Luc Mbah a Moute,mbahalu01,Luc Mbah a Moute,HOU,HOU,2017-18,1471382
1627778,Chinanu Onuaku,onuakch01,Chinanu Onuaku,HOU,HOU,2017-18,1312611
201628,Bobby Brown,brownbo02,Bobby Brown,HOU,HOU,2017-18,1230186
101123,Gerald Green,greenge01,Gerald Green,HOU,HOU,2017-18,872854
1627753,Zhou Qi,qizh01,Zhou Qi,HOU,HOU,2017-18,815615
201148,Brandan Wright,wrighbr03,Brandan Wright,HOU,HOU,2017-18,490461
2207,Joe Johnson,johnsjo02,Joe Johnson,HOU,HOU,2017-18,473835
1628419,Cameron Oliver,oliveca01,Cameron Oliver,HOU,HOU,2017-18,300000
1627817,Tim Quarterman,quartti01,Tim Quarterman,HOU,HOU,2017-18,96406
1627743,Demetrius Jackson,jacksde01,Demetrius Jackson,PHI,HOU,2017-18,74159
203477,Isaiah Canaan,canaais01,Isaiah Canaan,PHX,HOU,2017-18,53465
,未知,nashle01,Le'Bryan Nash,HOU,HOU,2017-18,46080
203187,Chris Johnson,johnsch04,Chris Johnson,HOU,HOU,2017-18,25000
1628935,Aaron Jackson,jacksaa01,Aaron Jackson,HOU,HOU,2017-18,4608
1626154,RJ Hunter,hunterj01,R.J. Hunter,HOU,HOU,2017-18,0
1627362,Briante Weber,weberbr01,Briante Weber,MEM,HOU,2017-18,0
203900,Markel Brown,brownma02,Markel Brown,HOU,HOU,2017-18,0
203506,Victor Oladipo,oladivi01,Victor Oladipo,IND,IND,2017-18,21000000
201152,Thaddeus Young,youngth01,Thaddeus Young,IND,IND,2017-18,14796348
202711,Bojan Bogdanović,bogdabo02,Bojan Bogdanovic,IND,IND,2017-18,10500000
201954,Darren Collison,collida01,Darren Collison,IND,IND,2017-18,10000000
2744,Al Jefferson,jeffeal01,Al Jefferson,IND,IND,2017-18,9769821
202709,Cory Joseph,josepco01,Cory Joseph,IND,IND,2017-18,7630000
202362,Lance Stephenson,stephla01,Lance Stephenson,IND,IND,2017-18,4180000
1626167,Myles Turner,turnemy01,Myles Turner,IND,IND,2017-18,2569920
1627734,Domantas Sabonis,sabondo01,Domantas Sabonis,IND,IND,2017-18,2550000
101145,Monta Ellis,ellismo01,Monta Ellis,IND,IND,2017-18,2245400
1628388,T.J. Leaf,leaftj01,T.J. Leaf,IND,IND,2017-18,2028360
203922,Glenn Robinson III,robingl02,Glenn Robinson,IND,IND,2017-18,1524305
1626202,Joe Young,youngjo01,Joe Young,IND,IND,2017-18,1471382
2863,Damien Wilkins,wilkida02,Damien Wilkins,IND,IND,2017-18,1016617
1628387,Ike Anigbogu,anigbik01,Ike Anigbogu,IND,IND,2017-18,950000
1627816,Alex Poythress,poythal01,Alex Poythress,IND,IND,2017-18,778668
202344,Trevor Booker,booketr01,Trevor Booker,IND,IND,2017-18,332516
1626176,Rakeem Christmas,chrisra01,Rakeem Christmas,IND,IND,2017-18,172552
1627777,Georges Niang,niangge01,Georges Niang,UTA,IND,2017-18,100000
203590,Trey McKinney-Jones,mckintr01,Trey McKinney-Jones,IND,IND,2017-18,46080
1627784,Jarrod Uthoff,uthofja01,Jarrod Uthoff,IND,IND,2017-18,7416
1628410,Edmond Sumner,sumneed01,Edmond Sumner,IND,IND,2017-18,0
1628500,Ben Moore,moorebe01,Ben Moore,IND,IND,2017-18,0
201599,DeAndre Jordan,jordade01,DeAndre Jordan,LAC,LAC,2017-18,22642350
201568,Danilo Gallinari,gallida01,Danilo Gallinari,LAC,LAC,2017-18,20559599
202699,Tobias Harris,harrito02,Tobias Harris,LAC,LAC,2017-18,16000000
203085,Austin Rivers,riverau01,Austin Rivers,LAC,LAC,2017-18,11825000
202340,Avery Bradley,bradlav01,Avery Bradley,LAC,LAC,2017-18,8808989
1626246,Boban Marjanović,marjabo01,Boban Marjanovic,LAC,LAC,2017-18,7000000
101150,Lou Williams,willilo02,Lou Williams,LAC,LAC,2017-18,7000000
1628462,Milos Teodosic,teodomi01,Milos Teodosic,LAC,LAC,2017-18,6000000
202325,Wesley Johnson,johnswe01,Wesley Johnson,LAC,LAC,2017-18,5881260
201976,Patrick Beverley,beverpa01,Patrick Beverley,LAC,LAC,2017-18,5513514
1626155,Sam Dekker,dekkesa01,Sam Dekker,LAC,LAC,2017-18,1794600
1626149,Montrezl Harrell,harremo01,Montrezl Harrell,LAC,LAC,2017-18,1471382
1718,Paul Pierce,piercpa01,Paul Pierce,LAC,LAC,2017-18,1096080
1628393,Jawun Evans,evansja01,Jawun Evans,LAC,LAC,2017-18,815615
1628414,Sindarius Thornwell,thornsi01,Sindarius Thornwell,LAC,LAC,2017-18,815615
,未知,delfica01,Carlos Delfino,LAC,LAC,2017-18,650000
200770,Jordan Farmar,farmajo01,Jordan Farmar,LAC,LAC,2017-18,510921
203710,C.J. Williams,willicj01,C.J. Williams,LAC,LAC,2017-18,375000
203545,Miroslav Raduljica,radulmi01,Miroslav Raduljica,LAC,LAC,2017-18,252043
203930,Sean Kilpatrick,kilpase01,Sean Kilpatrick,CHI,LAC,2017-18,166258
1627820,Tyrone Wallace,wallaty01,Tyrone Wallace,LAC,LAC,2017-18,0
203966,Jamil Wilson,wilsoja02,Jamil Wilson,LAC,LAC,2017-18,0
201572,Brook Lopez,lopezbr01,Brook Lopez,LAL,LAL,2017-18,22642350
203484,Kentavious Caldwell-Pope,caldwke01,Kentavious Caldwell-Pope,LAL,LAL,2017-18,17745894
2736,Luol Deng,denglu01,Luol Deng,LAL,LAL,2017-18,17190000
101112,Channing Frye,fryech01,Channing Frye,LAL,LAL,2017-18,7420912
201147,Corey Brewer,breweco01,Corey Brewer,OKC,LAL,2017-18,6879366
1628366,Lonzo Ball,balllo01,Lonzo Ball,LAL,LAL,2017-18,6286560
202738,Isaiah Thomas,thomais02,Isaiah Thomas,LAL,LAL,2017-18,6261395
1627742,Brandon Ingram,ingrabr01,Brandon Ingram,LAL,LAL,2017-18,5519400
203944,Julius Randle,randlju01,Julius Randle,LAL,LAL,2017-18,4149242
203898,Tyler Ennis,ennisty01,Tyler Ennis,LAL,LAL,2017-18,1524305
1628398,Kyle Kuzma,kuzmaky01,Kyle Kuzma,LAL,LAL,2017-18,1423560
1628404,Josh Hart,hartjo01,Josh Hart,LAL,LAL,2017-18,1394520
1627826,Ivica Zubac,zubaciv01,Ivica Zubac,LAL,LAL,2017-18,1312611
101106,Andrew Bogut,bogutan01,Andrew Bogut,LAL,LAL,2017-18,1105123
1628418,Thomas Bryant,bryanth01,Thomas Bryant,LAL,LAL,2017-18,815615
204037,Travis Wear,weartr01,Travis Wear,LAL,LAL,2017-18,296636
202682,Derrick Williams,willide02,Derrick Williams,LAL,LAL,2017-18,83129
1627362,Briante Weber,weberbr01,Briante Weber,MEM,LAL,2017-18,50000
,未知,beachvj01,V.J. Beachem,LAL,LAL,2017-18,50000
203505,Vander Blue,blueva01,Vander Blue,LAL,LAL,2017-18,50000
1628502,Nigel Hayes,hayesni01,Nigel Hayes,SAC,LAL,2017-18,46080
201281,Andre Ingram,ingraan01,Andre Ingram,LAL,LAL,2017-18,13824
1627780,Gary Payton II,paytoga02,Gary Payton,LAL,LAL,2017-18,0
1627936,Alex Caruso,carusal01,Alex Caruso,LAL,LAL,2017-18,0
201144,Mike Conley,conlemi01,Mike Conley,MEM,MEM,2017-18,28530608
202718,Chandler Parsons,parsoch01,Chandler Parsons,MEM,MEM,2017-18,23112004
201188,Marc Gasol,gasolma01,Marc Gasol,MEM,MEM,2017-18,22642350
203210,JaMychal Green,greenja01,JaMychal Green,MEM,MEM,2017-18,8533333
203463,Ben McLemore,mclembe01,Ben McLemore,MEM,MEM,2017-18,5200000
201148,Brandan Wright,wrighbr03,Brandan Wright,HOU,MEM,2017-18,5179760
201936,Tyreke Evans,evansty01,Tyreke Evans,MEM,MEM,2017-18,3290000
201596,Mario Chalmers,chalmma01,Mario Chalmers,MEM,MEM,2017-18,2106407
1627735,Wade Baldwin IV,baldwwa01,Wade Baldwin,POR,MEM,2017-18,1874400
1626185,Jarell Martin,martija01,Jarell Martin,MEM,MEM,2017-18,1471382
1627744,Brice Johnson,johnsbr02,Brice Johnson,MEM,MEM,2017-18,1331160
1626150,Andrew Harrison,harrian01,Andrew Harrison,MEM,MEM,2017-18,1312611
1627782,Wayne Selden,seldewa01,Wayne Selden,MEM,MEM,2017-18,1312611
1627738,Deyonta Davis,davisde01,Deyonta Davis,MEM,MEM,2017-18,1312611
,未知,zagorra01,Rade Zagorac,MEM,MEM,2017-18,950000
1628397,Ivan Rabb,rabbiv01,Ivan Rabb,MEM,MEM,2017-18,950000
1628415,Dillon Brooks,brookdi01,Dillon Brooks,MEM,MEM,2017-18,815615
202705,MarShon Brooks,brookma01,MarShon Brooks,MEM,MEM,2017-18,332477
203479,Jamaal Franklin,frankja01,Jamaal Franklin,MEM,MEM,2017-18,163296
203104,Marquis Teague,teaguma01,Marquis Teague,MEM,MEM,2017-18,157945
1627362,Briante Weber,weberbr01,Briante Weber,MEM,MEM,2017-18,83129
1628504,Xavier Rathan-Mayes,rathaxa01,Xavier Rathan-Mayes,MEM,MEM,2017-18,46080
204179,Omari Johnson,johnsom01,Omari Johnson,MEM,MEM,2017-18,27648
1628424,Kobi Simmons,simmoko01,Kobi Simmons,MEM,MEM,2017-18,0
1626205,Vincent Hunter,huntevi01,Vince Hunter,MEM,MEM,2017-18,0
1627988,Myke Henry,henrymy01,Myke Henry,MEM,MEM,2017-18,0
2547,Chris Bosh,boshch01,Chris Bosh,MIA,MIA,2017-18,25289390
202355,Hassan Whiteside,whiteha01,Hassan Whiteside,MIA,MIA,2017-18,23775506
201609,Goran Dragic,dragigo01,Goran Dragic,MIA,MIA,2017-18,17000450
201949,James Johnson,johnsja01,James Johnson,MIA,MIA,2017-18,13954000
203079,Dion Waiters,waitedi01,Dion Waiters,MIA,MIA,2017-18,11000000
203482,Kelly Olynyk,olynyke01,Kelly Olynyk,MIA,MIA,2017-18,10607169
201961,Wayne Ellington,ellinwa01,Wayne Ellington,MIA,MIA,2017-18,6270000
204020,Tyler Johnson,johnsty01,Tyler Johnson,MIA,MIA,2017-18,5881260
1626159,Justise Winslow,winslju01,Justise Winslow,MIA,MIA,2017-18,2705040
1628389,Bam Adebayo,adebaba01,Bam Adebayo,MIA,MIA,2017-18,2490360
202337,Luke Babbitt,babbilu01,Luke Babbitt,MIA,MIA,2017-18,1974159
1626175,Jordan Mickey,mickejo01,Jordan Mickey,MIA,MIA,2017-18,1471382
1626196,Josh Richardson,richajo01,Josh Richardson,MIA,MIA,2017-18,1471382
2548,Dwyane Wade,wadedw01,Dwyane Wade,MIA,MIA,2017-18,1471382
2617,Udonis Haslem,hasleud01,Udonis Haslem,MIA,MIA,2017-18,1471382
203585,Rodney McGruder,mcgruro01,Rodney McGruder,MIA,MIA,2017-18,1312611
1627773,AJ Hammons,hammoaj01,A.J. Hammons,MIA,MIA,2017-18,1312611
1627884,Derrick Jones Jr.,jonesde02,Derrick Jones,MIA,MIA,2017-18,0
1628476,Derrick Walton Jr.,waltode01,Derrick Walton,MIA,MIA,2017-18,0
1628475,Matt Williams Jr.,willima05,Matt Williams,MIA,MIA,2017-18,0
203507,Giannis Antetokounmpo,antetgi01,Giannis Antetokounmpo,MIL,MIL,2017-18,22471910
202339,Eric Bledsoe,bledser01,Eric Bledsoe,MIL,MIL,2017-18,14500000
203114,Khris Middleton,middlkh01,Khris Middleton,MIL,MIL,2017-18,14100000
203089,John Henson,hensojo01,John Henson,MIL,MIL,2017-18,11422536
203141,Mirza Teletovic,teletmi01,Mirza Teletovic,MIL,MIL,2017-18,10500000
203503,Tony Snell,snellto01,Tony Snell,MIL,MIL,2017-18,9821429
203521,Matthew Dellavedova,dellama01,Matthew Dellavedova,MIL,MIL,2017-18,9607500
203953,Jabari Parker,parkeja01,Jabari Parker,MIL,MIL,2017-18,6782392
1627748,Thon Maker,makerth01,Thon Maker,MIL,MIL,2017-18,2684160
1628391,D.J. Wilson,wilsodj01,D.J. Wilson,MIL,MIL,2017-18,2135040
201150,Spencer Hawes,hawessp01,Spencer Hawes,MIL,MIL,2017-18,2007059
202336,Larry Sanders,sandela01,Larry Sanders,MIL,MIL,2017-18,1865547
203092,Tyler Zeller,zellety01,Tyler Zeller,MIL,MIL,2017-18,1709538
1891,Jason Terry,terryja01,Jason Terry,MIL,MIL,2017-18,1471382
1627763,Malcolm Brogdon,brogdma01,Malcolm Brogdon,MIL,MIL,2017-18,1312611
1628425,Sterling Brown,brownst02,Sterling Brown,MIL,MIL,2017-18,815615
203930,Sean Kilpatrick,kilpase01,Sean Kilpatrick,CHI,MIL,2017-18,789725
202732,DeAndre Liggins,liggide01,DeAndre Liggins,NOP,MIL,2017-18,757427
203498,Shabazz Muhammad,muhamsh01,Shabazz Muhammad,MIL,MIL,2017-18,324203
201943,Brandon Jennings,jennibr01,Brandon Jennings,MIL,MIL,2017-18,297169
204098,Xavier Munford,munfoxa02,Xavier Munford,MIL,MIL,2017-18,0
1627780,Gary Payton II,paytoga02,Gary Payton,LAL,MIL,2017-18,0
1627850,Marshall Plumlee,plumlma02,Marshall Plumlee,MIL,MIL,2017-18,0
,未知,mooreja02,Jalen Moore,MIL,MIL,2017-18,0
1627762,Joel Bolomboy,bolomjo01,Joel Bolomboy,MIL,MIL,2017-18,0
202710,Jimmy Butler III,butleji01,Jimmy Butler,MIN,MIN,2017-18,19301070
201952,Jeff Teague,teaguje01,Jeff Teague,MIN,MIN,2017-18,19000000
203476,Gorgui Dieng,dienggo01,Gorgui Dieng,MIN,MIN,2017-18,14112360
201959,Taj Gibson,gibsota01,Taj Gibson,MIN,MIN,2017-18,14000000
203952,Andrew Wiggins,wiggian01,Andrew Wiggins,MIN,MIN,2017-18,7574322
202332,Cole Aldrich,aldrico01,Cole Aldrich,MIN,MIN,2017-18,7300000
1626157,Karl-Anthony Towns,townska01,Karl-Anthony Towns,MIN,MIN,2017-18,6216840
2037,Jamal Crawford,crawfja01,Jamal Crawford,MIN,MIN,2017-18,4328000
202357,Nemanja Bjelica,bjeline01,Nemanja Bjelica,MIN,MIN,2017-18,3949999
1628383,Justin Patton,pattoju01,Justin Patton,MIN,MIN,2017-18,2247480
1626145,Tyus Jones,jonesty01,Tyus Jones,MIN,MIN,2017-18,1471382
201166,Aaron Brooks,brookaa01,Aaron Brooks,MIN,MIN,2017-18,1471382
2755,Kevin Martin,martike02,Kevin Martin,MIN,MIN,2017-18,1360305
1627875,Marcus Georges-Hunt,georgma01,Marcus Georges-Hunt,MIN,MIN,2017-18,1312611
203498,Shabazz Muhammad,muhamsh01,Shabazz Muhammad,MIL,MIN,2017-18,1238616
201565,Derrick Rose,rosede01,Derrick Rose,MIN,MIN,2017-18,290951
1628518,Amile Jefferson,jeffeam01,Amile Jefferson,MIN,MIN,2017-18,4608
1626148,Anthony Brown,brownan02,Anthony Brown,MIN,MIN,2017-18,0
201950,Jrue Holiday,holidjr01,Jrue Holiday,NOP,NOP,2017-18,25686667
203076,Anthony Davis,davisan02,Anthony Davis,NOP,NOP,2017-18,23775506
202326,DeMarcus Cousins,couside01,DeMarcus Cousins,NOP,NOP,2017-18,18063850
202703,Nikola Mirotic,mirotni01,Nikola Mirotic,NOP,NOP,2017-18,12500000
203524,Solomon Hill,hillso01,Solomon Hill,NOP,NOP,2017-18,12236535
202734,E'Twaun Moore,mooreet01,E'Twaun Moore,NOP,NOP,2017-18,8445024
201582,Alexis Ajinca,ajincal01,Alexis Ajinca,NOP,NOP,2017-18,4961798
200765,Rajon Rondo,rondora01,Rajon Rondo,NOP,NOP,2017-18,3300000
203121,Darius Miller,milleda01,Darius Miller,NOP,NOP,2017-18,2100000
1626173,Rashad Vaughn,vaughra01,Rashad Vaughn,ORL,NOP,2017-18,1889040
203546,Ian Clark,clarkia01,Ian Clark,NOP,NOP,2017-18,1471382
1627767,Cheick Diallo,diallch01,Cheick Diallo,NOP,NOP,2017-18,1312611
1628402,Frank Jackson,jacksfr01,Frank Jackson,NOP,NOP,2017-18,815615
2731,Emeka Okafor,okafoem01,Emeka Okafor,NOP,NOP,2017-18,774914
202732,DeAndre Liggins,liggide01,DeAndre Liggins,NOP,NOP,2017-18,754378
202348,Jordan Crawford,crawfjo02,Jordan Crawford,NOP,NOP,2017-18,308190
2746,Josh Smith,smithjo03,Josh Smith,NOP,NOP,2017-18,210500
203580,Larry Drew II,drewla02,Larry Drew,NOP,NOP,2017-18,148318
1627215,Walt Lemon Jr.,lemonwa01,"Walt Lemon, Jr.",NOP,NOP,2017-18,92160
1626188,Quinn Cook,cookqu01,Quinn Cook,GSW,NOP,2017-18,25000
1626253,Axel Toupane,toupaax01,Axel Toupane,NOP,NOP,2017-18,25000
1628455,Mike James,jamesmi02,Mike James,NOP,NOP,2017-18,0
1628429,Charles Cooke,cookech01,Charles Cooke,NOP,NOP,2017-18,0
202683,Enes Freedom,kanteen01,Enes Kanter,NYK,NYK,2017-18,20566802
201149,Joakim Noah,noahjo01,Joakim Noah,NYK,NYK,2017-18,17765000
203501,Tim Hardaway Jr.,hardati02,Tim Hardaway,NYK,NYK,2017-18,16500000
201584,Courtney Lee,leeco01,Courtney Lee,NYK,NYK,2017-18,11747890
202498,Lance Thomas,thomala01,Lance Thomas,NYK,NYK,2017-18,6655325
204001,Kristaps Porziņģis,porzikr01,Kristaps Porzingis,NYK,NYK,2017-18,4503600
1627758,Ron Baker,bakerro01,Ron Baker,NYK,NYK,2017-18,4328000
203124,Kyle O'Quinn,oquinky01,Kyle O'Quinn,NYK,NYK,2017-18,4087500
1628373,Frank Ntilikina,ntilila01,Frank Ntilikina,NYK,NYK,2017-18,3501120
1626144,Emmanuel Mudiay,mudiaem01,Emmanuel Mudiay,NYK,NYK,2017-18,3381480
1627851,Mindaugas Kuzminskas,kuzmimi01,Mindaugas Kuzminskas,NYK,NYK,2017-18,3025035
203948,Johnny O'Bryant III,obryajo01,Johnny O'Bryant,CHA,NYK,2017-18,1524305
201563,Michael Beasley,beaslmi01,Michael Beasley,NYK,NYK,2017-18,1471382
201196,Ramon Sessions,sessira01,Ramon Sessions,WAS,NYK,2017-18,1471382
101127,Jarrett Jack,jackja01,Jarrett Jack,NYK,NYK,2017-18,1471382
1628422,Damyean Dotson,dotsoda01,Damyean Dotson,NYK,NYK,2017-18,1100000
203504,Trey Burke,burketr01,Trey Burke,NYK,NYK,2017-18,784160
1627786,Troy Williams,willitr02,Troy Williams,NYK,NYK,2017-18,370794
1627850,Marshall Plumlee,plumlma02,Marshall Plumlee,MIL,NYK,2017-18,100000
1628502,Nigel Hayes,hayesni01,Nigel Hayes,SAC,NYK,2017-18,50000
1628436,Luke Kornet,kornelu01,Luke Kornet,NYK,NYK,2017-18,0
1628439,Isaiah Hicks,hicksis01,Isaiah Hicks,NYK,NYK,2017-18,0
201566,Russell Westbrook,westbru01,Russell Westbrook,OKC,OKC,2017-18,28530608
2546,Carmelo Anthony,anthoca01,Carmelo Anthony,OKC,OKC,2017-18,26243760
203500,Steven Adams,adamsst01,Steven Adams,OKC,OKC,2017-18,22471910
202331,Paul George,georgpa01,Paul George,OKC,OKC,2017-18,19508958
203460,Andre Roberson,roberan03,Andre Roberson,OKC,OKC,2017-18,9259259
203518,Alex Abrines,abrinal01,Alex Abrines,OKC,OKC,2017-18,5725000
202335,Patrick Patterson,pattepa01,Patrick Patterson,OKC,OKC,2017-18,5192000
202713,Kyle Singler,singlky01,Kyle Singler,OKC,OKC,2017-18,4666500
101179,Ronnie Price,pricero01,Ronnie Price,OKC,OKC,2017-18,2442455
2555,Nick Collison,collini01,Nick Collison,OKC,OKC,2017-18,2328652
1628390,Terrance Ferguson,fergute01,Terrance Ferguson,OKC,OKC,2017-18,1785000
203924,Jerami Grant,grantje01,Jerami Grant,OKC,OKC,2017-18,1524305
101109,Raymond Felton,feltora01,Raymond Felton,OKC,OKC,2017-18,1471382
203962,Josh Huestis,huestjo01,Josh Huestis,OKC,OKC,2017-18,1471382
1626177,Dakari Johnson,johnsda04,Dakari Johnson,OKC,OKC,2017-18,815615
201147,Corey Brewer,breweco01,Corey Brewer,OKC,OKC,2017-18,340829
1628408,PJ Dozier,doziepj01,PJ Dozier,OKC,OKC,2017-18,0
1627772,Daniel Hamilton,hamilda02,Daniel Hamilton,OKC,OKC,2017-18,0
202687,Bismack Biyombo,biyombi01,Bismack Biyombo,ORL,ORL,2017-18,17000000
203095,Evan Fournier,fournev01,Evan Fournier,ORL,ORL,2017-18,17000000
202696,Nikola Vučević,vucevni01,Nikola Vucevic,ORL,ORL,2017-18,12250000
203082,Terrence Ross,rosste01,Terrence Ross,ORL,ORL,2017-18,10500000
201571,D.J. Augustin,augusdj01,D.J. Augustin,ORL,ORL,2017-18,7250000
203613,Jonathon Simmons,simmojo02,Jonathon Simmons,ORL,ORL,2017-18,6300000
202714,Shelvin Mack,macksh01,Shelvin Mack,ORL,ORL,2017-18,6000000
203932,Aaron Gordon,gordoaa01,Aaron Gordon,ORL,ORL,2017-18,5504420
1628371,Jonathan Isaac,isaacjo01,Jonathan Isaac,ORL,ORL,2017-18,4186320
1626209,Mario Hezonja,hezonma01,Mario Hezonja,ORL,ORL,2017-18,4078320
201167,Arron Afflalo,afflaar01,Arron Afflalo,ORL,ORL,2017-18,1471382
201578,Marreese Speights,speigma01,Marreese Speights,ORL,ORL,2017-18,1471382
1628411,Wes Iwundu,iwundwe01,Wesley Iwundu,ORL,ORL,2017-18,1050000
203920,Khem Birch,birchkh01,Khem Birch,ORL,ORL,2017-18,815615
201228,C.J. Watson,watsocj01,C.J. Watson,ORL,ORL,2017-18,333334
1626173,Rashad Vaughn,vaughra01,Rashad Vaughn,ORL,ORL,2017-18,166258
1628681,Rodney Purvis,purviro01,Rodney Purvis,ORL,ORL,2017-18,161280
203940,Adreian Payne,paynead01,Adreian Payne,ORL,ORL,2017-18,0
1628503,Jamel Artis,artisja01,Jamel Artis,ORL,ORL,2017-18,0
200755,JJ Redick,redicjj01,J.J. Redick,PHI,PHI,2017-18,23000000
203496,Robert Covington,covinro01,Robert Covington,PHI,PHI,2017-18,16698103
101161,Amir Johnson,johnsam01,Amir Johnson,PHI,PHI,2017-18,11000000
201573,Jerryd Bayless,bayleje01,Jerryd Bayless,PHI,PHI,2017-18,9000000
202344,Trevor Booker,booketr01,Trevor Booker,IND,PHI,2017-18,8725000
1628365,Markelle Fultz,fultzma01,Markelle Fultz,PHI,PHI,2017-18,7026240
1627732,Ben Simmons,simmobe01,Ben Simmons,PHI,PHI,2017-18,6168840
203954,Joel Embiid,embiijo01,Joel Embiid,PHI,PHI,2017-18,6100266
203967,Dario Šarić,saricda01,Dario Saric,PHI,PHI,2017-18,2422560
1626147,Justin Anderson,anderju01,Justin Anderson,PHI,PHI,2017-18,1579440
1626158,Richaun Holmes,holmeri01,Richaun Holmes,PHI,PHI,2017-18,1471382
204456,T.J. McConnell,mccontj01,T.J. McConnell,PHI,PHI,2017-18,1471382
1627788,Furkan Korkmaz,korkmfu01,Furkan Korkmaz,PHI,PHI,2017-18,1465920
1627789,Timothe Luwawu-Cabarrot,luwawti01,Timothe Luwawu-Cabarrot,PHI,PHI,2017-18,1386600
201945,Gerald Henderson,hendege02,Gerald Henderson,PHI,PHI,2017-18,1000000
201158,Marco Belinelli,belinma01,Marco Belinelli,PHI,PHI,2017-18,776217
202353,Tibor Pleiss,pleisti01,Tibor Pleiss,PHI,PHI,2017-18,500000
101141,Ersan Ilyasova,ilyaser01,Ersan Ilyasova,PHI,PHI,2017-18,357454
203580,Larry Drew II,drewla02,Larry Drew,NOP,PHI,2017-18,74159
203923,James Young,youngja01,James Young,PHI,PHI,2017-18,0
1626643,Jacob Pullen,pulleja01,Jacob Pullen,PHI,PHI,2017-18,0
203949,James Michael McAdoo,mcadoja01,James Michael McAdoo,PHI,PHI,2017-18,0
1627743,Demetrius Jackson,jacksde01,Demetrius Jackson,PHI,PHI,2017-18,0
202328,Greg Monroe,monrogr01,Greg Monroe,BOS,PHO,2017-18,16384175
202688,Brandon Knight,knighbr03,Brandon Knight,PHX,PHO,2017-18,13618750
2199,Tyson Chandler,chandty01,Tyson Chandler,PHX,PHO,2017-18,13000000
201162,Jared Dudley,dudleja01,Jared Dudley,PHX,PHO,2017-18,10000000
1626210,Alan Williams,willial03,Alan Williams,PHX,PHO,2017-18,6000000
1628367,Josh Jackson,jacksjo02,Josh Jackson,PHX,PHO,2017-18,5090040
1627733,Dragan Bender,bendedr01,Dragan Bender,PHX,PHO,2017-18,4468800
203458,Alex Len,lenal01,Alex Len,PHX,PHO,2017-18,4187599
203584,Troy Daniels,danietr01,Troy Daniels,PHX,PHO,2017-18,3408520
203901,Elfrid Payton,paytoel01,Elfrid Payton,PHX,PHO,2017-18,3332340
203933,T.J. Warren,warretj01,T.J. Warren,PHX,PHO,2017-18,3152931
1627737,Marquese Chriss,chrisma01,Marquese Chriss,PHX,PHO,2017-18,3073800
1626164,Devin Booker,bookede01,Devin Booker,PHX,PHO,2017-18,2319360
1627755,Tyler Ulis,ulisty01,Tyler Ulis,PHX,PHO,2017-18,1312611
203477,Isaiah Canaan,canaais01,Isaiah Canaan,PHX,PHO,2017-18,997547
1628432,Davon Reed,reedda01,Davon Reed,PHX,PHO,2017-18,815615
2571,Leandro Barbosa,barbole01,Leandro Barbosa,PHX,PHO,2017-18,500000
1627884,Derrick Jones Jr.,jonesde02,Derrick Jones,MIA,PHO,2017-18,400458
1627885,Shaquille Harrison,harrish01,Shaquille Harrison,PHX,PHO,2017-18,267160
1627982,Josh Gray,grayjo01,Josh Gray,PHX,PHO,2017-18,101376
1628455,Mike James,jamesmi02,Mike James,NOP,PHO,2017-18,87552
1627863,Danuel House Jr.,houseda01,Danuel House,PHX,PHO,2017-18,0
1628409,Alec Peters,peteral01,Alec Peters,PHX,PHO,2017-18,0
203081,Damian Lillard,lillada01,Damian Lillard,POR,POR,2017-18,26153057
203468,CJ McCollum,mccolcj01,CJ McCollum,POR,POR,2017-18,23962573
202323,Evan Turner,turneev01,Evan Turner,POR,POR,2017-18,17131148
203090,Maurice Harkless,harklma01,Maurice Harkless,POR,POR,2017-18,10162922
203086,Meyers Leonard,leoname01,Meyers Leonard,POR,POR,2017-18,9904495
202329,Al-Farouq Aminu,aminual01,Al-Farouq Aminu,POR,POR,2017-18,7319035
202334,Ed Davis,davised01,Ed Davis,POR,POR,2017-18,6352531
1628380,Zach Collins,colliza01,Zach Collins,POR,POR,2017-18,3057240
203994,Jusuf Nurkić,nurkiju01,Jusuf Nurkic,POR,POR,2017-18,2947305
203094,Andrew Nicholson,nichoan01,Andrew Nicholson,POR,POR,2017-18,2844429
203894,Shabazz Napier,napiesh01,Shabazz Napier,POR,POR,2017-18,2361360
2760,Anderson Varejao,varejan01,Anderson Varejao,POR,POR,2017-18,1913345
1626192,Pat Connaughton,connapa01,Pat Connaughton,POR,POR,2017-18,1471382
1628403,Caleb Swanigan,swanica01,Caleb Swanigan,POR,POR,2017-18,1465920
1627774,Jake Layman,laymaja01,Jake Layman,POR,POR,2017-18,1312611
203105,Festus Ezeli,ezelife01,Festus Ezeli,POR,POR,2017-18,333334
1627834,Georgios Papagiannis,papagge01,Georgios Papagiannis,POR,POR,2017-18,259556
1627735,Wade Baldwin IV,baldwwa01,Wade Baldwin,POR,POR,2017-18,229892
201575,Brandon Rush,rushbr01,Brandon Rush,POR,POR,2017-18,83129
203912,C.J. Wilcox,wilcocj01,C.J. Wilcox,POR,POR,2017-18,0
2216,Zach Randolph,randoza01,Zach Randolph,SAC,SAC,2017-18,12307692
202697,Iman Shumpert,shumpim01,Iman Shumpert,SAC,SAC,2017-18,10337079
2207,Joe Johnson,johnsjo02,Joe Johnson,HOU,SAC,2017-18,9505000
203992,Bogdan Bogdanović,bogdabo01,Bogdan Bogdanovic,SAC,SAC,2017-18,9470614
201585,Kosta Koufos,koufoko01,Kosta Koufos,SAC,SAC,2017-18,8393000
202066,Garrett Temple,templga01,Garrett Temple,SAC,SAC,2017-18,8000000
1713,Vince Carter,cartevi01,Vince Carter,SAC,SAC,2017-18,8000000
1628368,De'Aaron Fox,foxde01,De'Aaron Fox,SAC,SAC,2017-18,4609200
1626161,Willie Cauley-Stein,caulewi01,Willie Cauley-Stein,SAC,SAC,2017-18,3704160
1627741,Buddy Hield,hieldbu01,Buddy Hield,SAC,SAC,2017-18,3675480
203998,Bruno Caboclo,cabocbr01,Bruno Caboclo,SAC,SAC,2017-18,2451225
1628382,Justin Jackson,jacksju01,Justin Jackson,SAC,SAC,2017-18,2365560
1627834,Georgios Papagiannis,papagge01,Georgios Papagiannis,POR,SAC,2017-18,2301360
2440,Matt Barnes,barnema02,Matt Barnes,SAC,SAC,2017-18,2133542
201229,Anthony Tolliver,tollian01,Anthony Tolliver,DET,SAC,2017-18,2000000
1628385,Harry Giles III,gilesha01,Harry Giles,SAC,SAC,2017-18,1859400
201167,Arron Afflalo,afflaar01,Arron Afflalo,ORL,SAC,2017-18,1500000
1627746,Skal Labissiere,labissk01,Skal Labissiere,SAC,SAC,2017-18,1312611
1628412,Frank Mason III,masonfr01,Frank Mason,SAC,SAC,2017-18,1184385
2406,Caron Butler,butleca01,Caron Butler,SAC,SAC,2017-18,517220
1628502,Nigel Hayes,hayesni01,Nigel Hayes,SAC,SAC,2017-18,55296
204022,Jack Cooley,cooleja01,Jack Cooley,SAC,SAC,2017-18,0
203960,JaKarr Sampson,sampsja02,JaKarr Sampson,SAC,SAC,2017-18,0
200746,LaMarcus Aldridge,aldrila01,LaMarcus Aldridge,SAS,SAS,2017-18,21461010
202695,Kawhi Leonard,leonaka01,Kawhi Leonard,SAS,SAS,2017-18,18868625
2200,Pau Gasol,gasolpa01,Pau Gasol,SAS,SAS,2017-18,16000000
2225,Tony Parker,parketo01,Tony Parker,SAS,SAS,2017-18,15453126
201988,Patty Mills,millspa02,Patty Mills,SAS,SAS,2017-18,10714286
201980,Danny Green,greenda02,Danny Green,SAS,SAS,2017-18,10000000
200752,Rudy Gay,gayru01,Rudy Gay,SAS,SAS,2017-18,8406000
1938,Manu Ginobili,ginobma01,Manu Ginobili,SAS,SAS,2017-18,2500000
203937,Kyle Anderson,anderky01,Kyle Anderson,SAS,SAS,2017-18,2151704
1495,Tim Duncan,duncati01,Tim Duncan,SAS,SAS,2017-18,1881250
203530,Joffrey Lauvergne,lauvejo01,Joffrey Lauvergne,SAS,SAS,2017-18,1524305
1628401,Derrick White,whitede01,Derrick White,SAS,SAS,2017-18,1404600
1627854,Bryn Forbes,forbebr01,Bryn Forbes,SAS,SAS,2017-18,1312611
1627749,Dejounte Murray,murrade01,Dejounte Murray,SAS,SAS,2017-18,1312611
202722,Dāvis Bertāns,bertada01,Davis Bertans,SAS,SAS,2017-18,1312611
,未知,jeancli01,Livio Jean-Charles,SAS,SAS,2017-18,1035200
203464,Brandon Paul,paulbr01,Brandon Paul,SAS,SAS,2017-18,815615
1626199,Darrun Hilliard,hillida01,Darrun Hilliard,SAS,SAS,2017-18,0
1627856,Matt Costello,costema01,Matt Costello,SAS,SAS,2017-18,0
200768,Kyle Lowry,lowryky01,Kyle Lowry,TOR,TOR,2017-18,28703704
201942,DeMar DeRozan,derozde01,DeMar DeRozan,TOR,TOR,2017-18,27739975
201586,Serge Ibaka,ibakase01,Serge Ibaka,TOR,TOR,2017-18,20061729
202685,Jonas Valančiūnas,valanjo01,Jonas Valanciunas,TOR,TOR,2017-18,15460675
101139,CJ Miles,milescj01,C.J. Miles,TOR,TOR,2017-18,7936509
203512,Lucas Nogueira,noguelu01,Lucas Nogueira,TOR,TOR,2017-18,2947305
1627751,Jakob Poeltl,poeltja01,Jakob Poeltl,TOR,TOR,2017-18,2825640
1626153,Delon Wright,wrighde01,Delon Wright,TOR,TOR,2017-18,1645200
1628384,OG Anunoby,anunoog01,OG Anunoby,TOR,TOR,2017-18,1645200
1627781,Malachi Richardson,richama01,Malachi Richardson,TOR,TOR,2017-18,1504560
1626181,Norman Powell,powelno01,Norman Powell,TOR,TOR,2017-18,1471382
1627783,Pascal Siakam,siakapa01,Pascal Siakam,TOR,TOR,2017-18,1312611
1627832,Fred VanVleet,vanvlfr01,Fred VanVleet,TOR,TOR,2017-18,1312611
203120,Justin Hamilton,hamilju01,Justin Hamilton,TOR,TOR,2017-18,1000000
1628035,Alfonzo McKinnie,mckinal01,Alfonzo McKinnie,TOR,TOR,2017-18,815615
203909,KJ McDaniels,mcdankj01,K.J. McDaniels,TOR,TOR,2017-18,100000
1628502,Nigel Hayes,hayesni01,Nigel Hayes,SAC,TOR,2017-18,92160
1626259,Malcolm Miller,millema01,Malcolm Miller,TOR,TOR,2017-18,0
203485,Lorenzo Brown,brownlo01,Lorenzo Brown,TOR,TOR,2017-18,0
203497,Rudy Gobert,goberru01,Rudy Gobert,UTA,UTA,2017-18,21974719
201937,Ricky Rubio,rubiori01,Ricky Rubio,UTA,UTA,2017-18,14275000
204060,Joe Ingles,inglejo01,Joe Ingles,UTA,UTA,2017-18,14136364
202324,Derrick Favors,favorde01,Derrick Favors,UTA,UTA,2017-18,12000000
202692,Alec Burks,burksal01,Alec Burks,UTA,UTA,2017-18,10845506
203109,Jae Crowder,crowdja01,Jae Crowder,UTA,UTA,2017-18,6796117
200757,Thabo Sefolosha,sefolth01,Thabo Sefolosha,UTA,UTA,2017-18,5250000
203957,Danté Exum,exumda01,Dante Exum,UTA,UTA,2017-18,4992385
201973,Jonas Jerebko,jerebjo01,Jonas Jerebko,UTA,UTA,2017-18,4000000
202327,Ekpe Udoh,udohek01,Ekpe Udoh,UTA,UTA,2017-18,3200000
1628378,Donovan Mitchell,mitchdo01,Donovan Mitchell,UTA,UTA,2017-18,2621280
203526,Raul Neto,netora01,Raul Neto,UTA,UTA,2017-18,1471382
1628396,Tony Bradley,bradlto01,Tony Bradley,UTA,UTA,2017-18,1414920
1627762,Joel Bolomboy,bolomjo01,Joel Bolomboy,MIL,UTA,2017-18,1312611
1626220,Royce O'Neale,onealro01,Royce O'Neale,UTA,UTA,2017-18,815615
201565,Derrick Rose,rosede01,Derrick Rose,MIN,UTA,2017-18,749761
204065,David Stockton,stockda01,David Stockton,UTA,UTA,2017-18,192813
1628513,Naz Mitrou-Long,mitrona01,Naz Mitrou-Long,UTA,UTA,2017-18,92160
1627777,Georges Niang,niangge01,Georges Niang,UTA,UTA,2017-18,0
1628571,Erik McCree,mccreer01,Erik McCree,UTA,UTA,2017-18,0
,未知,griffer01,Eric Griffin,UTA,UTA,2017-18,0
203489,Nate Wolters,woltena01,Nate Wolters,UTA,UTA,2017-18,0
203490,Otto Porter Jr.,porteot01,Otto Porter,WAS,WAS,2017-18,24773250
203078,Bradley Beal,bealbr01,Bradley Beal,WAS,WAS,2017-18,23775506
202322,John Wall,walljo01,John Wall,WAS,WAS,2017-18,18063850
101133,Ian Mahinmi,mahinia01,Ian Mahinmi,WAS,WAS,2017-18,16661641
101162,Marcin Gortat,gortama01,Marcin Gortat,WAS,WAS,2017-18,12782609
202693,Markieff Morris,morrima02,Markieff Morris,WAS,WAS,2017-18,8000000
201160,Jason Smith,smithja02,Jason Smith,WAS,WAS,2017-18,5225000
201975,Jodie Meeks,meeksjo01,Jodie Meeks,WAS,WAS,2017-18,3290000
203107,Tomas Satoransky,satorto01,Tomas Satoransky,WAS,WAS,2017-18,3000000
1626162,Kelly Oubre Jr.,oubreke01,Kelly Oubre,WAS,WAS,2017-18,2093040
204025,Tim Frazier,fraziti01,Tim Frazier,WAS,WAS,2017-18,2000000
1626191,Chris McCullough,mcculch01,Chris McCullough,WAS,WAS,2017-18,1471382
203118,Mike Scott,scottmi01,Mike Scott,WAS,WAS,2017-18,1471382
101110,Martell Webster,webstma02,Martell Webster,WAS,WAS,2017-18,833333
201196,Ramon Sessions,sessira01,Ramon Sessions,WAS,WAS,2017-18,390706
203467,Carrick Felix,felixca01,Carrick Felix,WAS,WAS,2017-18,140902
1627849,Daniel Ochefu,ochefda01,Daniel Ochefu,WAS,WAS,2017-18,50000
201951,Ty Lawson,lawsoty01,Ty Lawson,WAS,WAS,2017-18,8313
1628421,Devin Robinson,robinde01,Devin Robinson,WAS,WAS,2017-18,0
,未知,youngmi02,Michael Young,WAS,WAS,2017-18,0
