id,full_name,id_in_br,full_name_in_br,team,br_team,season,salary
2730,Dwight Howard,howardw01,Dwight Howard,ATL,ATL,2016-17,23180275
200794,Paul Millsap,millspa01,Paul Millsap,ATL,ATL,2016-17,20072033
203145,Kent Bazemore,bazemke01,Kent Bazemore,ATL,ATL,2016-17,15730338
101141,Ersan Ilyasova,ilyaser01,Ersan Ilyasova,ATL,ATL,2016-17,8400000
2399,Mike Dunleavy,dunlemi02,Mike Dunleavy,ATL,ATL,2016-17,4837500
2743,Kris Humphries,humphkr01,Kris Humphries,ATL,ATL,2016-17,4000000
200757,Thabo Sefolosha,sefolth01,Thabo Sefolosha,ATL,ATL,2016-17,3850000
203471,Dennis Schröder,schrode01,Dennis Schroder,ATL,ATL,2016-17,2708582
1627098,Malcolm Delaney,delanma01,Malcolm Delaney,ATL,ATL,2016-17,2500000
1627752,Taurean Prince,princta02,Taurean Waller-Prince,ATL,ATL,2016-17,2318280
203501,Tim Hardaway Jr.,hardati02,Tim Hardaway,ATL,ATL,2016-17,2281605
101127,Jarrett Jack,jackja01,Jarrett Jack,NOP,ATL,2016-17,1551659
1627761,DeAndre' Bembry,bembrde01,DeAndre' Bembry,ATL,ATL,2016-17,1499760
203488,Mike Muscala,muscami01,Mike Muscala,ATL,ATL,2016-17,1015696
204002,Edy Tavares,tavarwa01,Edy Tavares,CLE,ATL,2016-17,1000000
203527,Ryan Kelly,kellyry01,Ryan Kelly,ATL,ATL,2016-17,418228
101181,Jose Calderon,caldejo01,Jose Calderon,ATL,ATL,2016-17,392478
203934,Lamar Patterson,pattela01,Lamar Patterson,ATL,ATL,2016-17,128623
202390,Gary Neal,nealga01,Gary Neal,ATL,ATL,2016-17,72193
1627856,Matt Costello,costema01,Matt Costello,ATL,ATL,2016-17,50000
201143,Al Horford,horfoal01,Al Horford,BOS,BOS,2016-17,26540100
101161,Amir Johnson,johnsam01,Amir Johnson,BOS,BOS,2016-17,12000000
202340,Avery Bradley,bradlav01,Avery Bradley,BOS,BOS,2016-17,8269663
203092,Tyler Zeller,zellety01,Tyler Zeller,BOS,BOS,2016-17,8000000
202738,Isaiah Thomas,thomais02,Isaiah Thomas,BOS,BOS,2016-17,6587132
203109,Jae Crowder,crowdja01,Jae Crowder,BOS,BOS,2016-17,6286408
201973,Jonas Jerebko,jerebjo01,Jonas Jerebko,BOS,BOS,2016-17,5000000
1627759,Jaylen Brown,brownja02,Jaylen Brown,BOS,BOS,2016-17,4743000
203935,Marcus Smart,smartma01,Marcus Smart,BOS,BOS,2016-17,3578880
203482,Kelly Olynyk,olynyke01,Kelly Olynyk,BOS,BOS,2016-17,3094014
1626179,Terry Rozier,roziete01,Terry Rozier,BOS,BOS,2016-17,1906440
203923,James Young,youngja01,James Young,BOS,BOS,2016-17,1825200
1627743,Demetrius Jackson,jacksde01,Demetrius Jackson,BOS,BOS,2016-17,1450000
101123,Gerald Green,greenge01,Gerald Green,BOS,BOS,2016-17,1410598
1626175,Jordan Mickey,mickejo01,Jordan Mickey,BOS,BOS,2016-17,1223653
1626154,RJ Hunter,hunterj01,R.J. Hunter,CHI,BOS,2016-17,1200240
1627791,Ben Bentil,bentibe01,Ben Bentil,DAL,BOS,2016-17,250000
1627814,Damion Lee,leeda03,Damion Lee,BOS,BOS,2016-17,50000
1627883,Jalen Jones,jonesja04,Jalen Jones,BOS,BOS,2016-17,25000
1627875,Marcus Georges-Hunt,georgma01,Marcus Georges-Hunt,ORL,BOS,2016-17,25000
201572,Brook Lopez,lopezbr01,Brook Lopez,BKN,BRK,2016-17,21165675
202391,Jeremy Lin,linje01,Jeremy Lin,BKN,BRK,2016-17,11483254
202344,Trevor Booker,booketr01,Trevor Booker,BKN,BRK,2016-17,9250000
203094,Andrew Nicholson,nichoan01,Andrew Nicholson,BKN,BRK,2016-17,6088993
101114,Deron Williams,willide01,Deron Williams,CLE,BRK,2016-17,5500000
2449,Luis Scola,scolalu01,Luis Scola,BKN,BRK,2016-17,5000000
202349,Greivis Vasquez,vasqugr01,Greivis Vasquez,BKN,BRK,2016-17,4347826
203909,KJ McDaniels,mcdankj01,K.J. McDaniels,BKN,BRK,2016-17,3333333
203120,Justin Hamilton,hamilju01,Justin Hamilton,BKN,BRK,2016-17,3000000
200751,Randy Foye,foyera01,Randy Foye,BKN,BRK,2016-17,2500000
203112,Quincy Acy,acyqu01,Quincy Acy,BKN,BRK,2016-17,1914544
1627747,Caris LeVert,leverca01,Caris LeVert,BKN,BRK,2016-17,1562280
1626178,Rondae Hollis-Jefferson,holliro01,Rondae Hollis-Jefferson,BKN,BRK,2016-17,1395600
201977,Marcus Thornton,thornma01,Marcus Thornton,WAS,BRK,2016-17,1315448
1627785,Isaiah Whitehead,whiteis01,Isaiah Whitehead,BKN,BRK,2016-17,1074145
203461,Anthony Bennett,bennean01,Anthony Bennett,BKN,BRK,2016-17,1015696
203925,Joe Harris,harrijo01,Joe Harris,BKN,BRK,2016-17,980431
203930,Sean Kilpatrick,kilpase01,Sean Kilpatrick,BKN,BRK,2016-17,980431
203915,Spencer Dinwiddie,dinwisp01,Spencer Dinwiddie,BKN,BRK,2016-17,726672
101127,Jarrett Jack,jackja01,Jarrett Jack,NOP,BRK,2016-17,500000
200745,Andrea Bargnani,bargnan01,Andrea Bargnani,BKN,BRK,2016-17,323599
1627812,Yogi Ferrell,ferreyo01,Yogi Ferrell,DAL,BRK,2016-17,202300
203462,Archie Goodwin,goodwar01,Archie Goodwin,BKN,BRK,2016-17,194494
,未知,mockeeg01,Egidijus Mockevicius,BKN,BRK,2016-17,100000
1626146,Cliff Alexander,alexacl01,Cliff Alexander,BKN,BRK,2016-17,51449
,未知,beechbe01,Beau Beech,BKN,BRK,2016-17,45000
,未知,ibehpr01,Prince Ibeh,BKN,BRK,2016-17,31969
201587,Nicolas Batum,batumni01,Nicolas Batum,CHA,CHO,2016-17,20869566
203077,Michael Kidd-Gilchrist,kiddgmi01,Michael Kidd-Gilchrist,CHA,CHO,2016-17,13000000
101107,Marvin Williams,willima02,Marvin Williams,CHA,CHO,2016-17,12250000
202689,Kemba Walker,walkeke02,Kemba Walker,CHA,CHO,2016-17,12000000
203087,Jeremy Lamb,lambje01,Jeremy Lamb,CHA,CHO,2016-17,6511628
201158,Marco Belinelli,belinma01,Marco Belinelli,CHA,CHO,2016-17,6333333
201196,Ramon Sessions,sessira01,Ramon Sessions,CHA,CHO,2016-17,6000000
203469,Cody Zeller,zelleco01,Cody Zeller,CHA,CHO,2016-17,5318313
1626163,Frank Kaminsky,kaminfr01,Frank Kaminsky,CHA,CHO,2016-17,2730000
2365,Chris Andersen,anderch01,Chris Andersen,CLE,CHO,2016-17,1551659
203148,Brian Roberts,roberbr01,Brian Roberts,CHA,CHO,2016-17,1050961
1626174,Christian Wood,woodch01,Christian Wood,CHA,CHO,2016-17,874636
1626203,Treveon Graham,grahatr01,Treveon Graham,CHA,CHO,2016-17,543471
1626151,Aaron Harrison,harriaa01,Aaron Harrison,CHA,CHO,2016-17,375579
203948,Johnny O'Bryant III,obryajo01,Johnny O'Bryant,CHA,CHO,2016-17,276827
1627362,Briante Weber,weberbr01,Briante Weber,CHA,CHO,2016-17,231521
1627861,Mike Tobey,tobeymi01,Mike Tobey,CHA,CHO,2016-17,138938
203492,Ray McCallum,mccalra01,Ray McCallum,CHA,CHO,2016-17,119494
2548,Dwyane Wade,wadedw01,Dwyane Wade,CHI,CHI,2016-17,23200000
202710,Jimmy Butler III,butleji01,Jimmy Butler,CHI,CHI,2016-17,17552209
200765,Rajon Rondo,rondora01,Rajon Rondo,CHI,CHI,2016-17,14000000
201577,Robin Lopez,lopezro01,Robin Lopez,CHI,CHI,2016-17,13219250
202703,Nikola Mirotic,mirotni01,Nikola Mirotic,CHI,CHI,2016-17,5782450
201627,Anthony Morrow,morroan01,Anthony Morrow,CHI,CHI,2016-17,3488000
203487,Michael Carter-Williams,cartemi01,Michael Carter-Williams,CHI,CHI,2016-17,3183526
1626166,Cameron Payne,payneca01,Cameron Payne,CHI,CHI,2016-17,2112480
1627756,Denzel Valentine,valende01,Denzel Valentine,CHI,CHI,2016-17,2092200
203530,Joffrey Lauvergne,lauvejo01,Joffrey Lauvergne,CHI,CHI,2016-17,1709720
1626170,Jerian Grant,grantje02,Jerian Grant,CHI,CHI,2016-17,1643040
1626171,Bobby Portis,portibo01,Bobby Portis,CHI,CHI,2016-17,1453680
203477,Isaiah Canaan,canaais01,Isaiah Canaan,CHI,CHI,2016-17,1015696
1626245,Cristiano Felicio,feliccr01,Cristiano Felicio,CHI,CHI,2016-17,874636
1627835,Paul Zipser,zipsepa01,Paul Zipser,CHI,CHI,2016-17,750000
1626154,RJ Hunter,hunterj01,R.J. Hunter,CHI,CHI,2016-17,425000
,未知,walkuth01,Thomas Walkup,CHI,CHI,2016-17,69500
2544,LeBron James,jamesle01,LeBron James,CLE,CLE,2016-17,30963450
201567,Kevin Love,loveke01,Kevin Love,CLE,CLE,2016-17,21165675
202681,Kyrie Irving,irvinky01,Kyrie Irving,CLE,CLE,2016-17,17638063
202684,Tristan Thompson,thomptr01,Tristan Thompson,CLE,CLE,2016-17,15330435
2747,JR Smith,smithjr01,J.R. Smith,CLE,CLE,2016-17,12800000
202697,Iman Shumpert,shumpim01,Iman Shumpert,CLE,CLE,2016-17,9700000
101112,Channing Frye,fryech01,Channing Frye,CLE,CLE,2016-17,7806971
2594,Kyle Korver,korveky01,Kyle Korver,CLE,CLE,2016-17,5239437
2210,Richard Jefferson,jefferi01,Richard Jefferson,CLE,CLE,2016-17,2500000
2592,James Jones,jonesja02,James Jones,CLE,CLE,2016-17,1551659
203895,Jordan McRae,mcraejo01,Jordan McRae,CLE,CLE,2016-17,874636
1627770,Kay Felder,feldeka01,Kay Felder,CLE,CLE,2016-17,543471
202682,Derrick Williams,willide02,Derrick Williams,CLE,CLE,2016-17,402043
101114,Deron Williams,willide01,Deron Williams,CLE,CLE,2016-17,259626
101106,Andrew Bogut,bogutan01,Andrew Bogut,CLE,CLE,2016-17,242224
202336,Larry Sanders,sandela01,Larry Sanders,CLE,CLE,2016-17,207722
2563,Dahntay Jones,jonesda02,Dahntay Jones,CLE,CLE,2016-17,24022
204002,Edy Tavares,tavarwa01,Edy Tavares,CLE,CLE,2016-17,5145
1717,Dirk Nowitzki,nowitdi01,Dirk Nowitzki,DAL,DAL,2016-17,25000000
203084,Harrison Barnes,barneha02,Harrison Barnes,DAL,DAL,2016-17,22116750
202083,Wesley Matthews,matthwe02,Wesley Matthews,DAL,DAL,2016-17,17100000
101114,Deron Williams,willide01,Deron Williams,CLE,DAL,2016-17,9000000
203939,Dwight Powell,poweldw01,Dwight Powell,DAL,DAL,2016-17,8375000
203457,Nerlens Noel,noelne01,Nerlens Noel,DAL,DAL,2016-17,4384490
2734,Devin Harris,harride01,Devin Harris,DAL,DAL,2016-17,4228000
200826,J.J. Barea,bareajo01,J.J. Barea,DAL,DAL,2016-17,4096950
203552,Seth Curry,curryse01,Seth Curry,DAL,DAL,2016-17,2898000
203112,Quincy Acy,acyqu01,Quincy Acy,BKN,DAL,2016-17,1050961
202732,DeAndre Liggins,liggide01,DeAndre Liggins,DAL,DAL,2016-17,1015696
1626257,Salah Mejri,mejrisa01,Salah Mejri,DAL,DAL,2016-17,874636
1626780,Jonathan Gibson,gibsojo01,Jonathan Gibson,DAL,DAL,2016-17,680937
1627773,AJ Hammons,hammoaj01,A.J. Hammons,DAL,DAL,2016-17,650000
1627827,Dorian Finney-Smith,finnedo01,Dorian Finney-Smith,DAL,DAL,2016-17,543471
1627852,Nicolas Brussino,brussni01,Nicolas Brussino,DAL,DAL,2016-17,543471
1626254,Maurice Ndour,ndourma01,Maurice Ndour,NYK,DAL,2016-17,437318
203539,Gal Mekel,mekelga01,Gal Mekel,DAL,DAL,2016-17,315760
1627812,Yogi Ferrell,ferreyo01,Yogi Ferrell,DAL,DAL,2016-17,239767
202412,Manny Harris,harrima01,Manny Harris,DAL,DAL,2016-17,119494
203510,Pierre Jackson,jackspi01,Pierre Jackson,DAL,DAL,2016-17,105498
1627858,Kyle Collinsworth,colliky01,Kyle Collinsworth,DAL,DAL,2016-17,70000
1627784,Jarrod Uthoff,uthofja01,Jarrod Uthoff,DAL,DAL,2016-17,63938
1626188,Quinn Cook,cookqu01,Quinn Cook,NOP,DAL,2016-17,31969
1627791,Ben Bentil,bentibe01,Ben Bentil,DAL,DAL,2016-17,31969
1627866,Jameel Warney,warneja01,Jameel Warney,DAL,DAL,2016-17,20000
201568,Danilo Gallinari,gallida01,Danilo Gallinari,DEN,DEN,2016-17,15050000
202702,Kenneth Faried,farieke01,Kenneth Faried,DEN,DEN,2016-17,12078652
201163,Wilson Chandler,chandwi01,Wilson Chandler,DEN,DEN,2016-17,11200000
201589,Darrell Arthur,arthuda01,Darrell Arthur,DEN,DEN,2016-17,8070175
201579,Roy Hibbert,hibbero01,Roy Hibbert,DEN,DEN,2016-17,5000000
2749,Jameer Nelson,nelsoja01,Jameer Nelson,DEN,DEN,2016-17,4540525
203115,Will Barton,bartowi01,Will Barton,DEN,DEN,2016-17,3533333
2034,Mike Miller,millemi01,Mike Miller,DEN,DEN,2016-17,3500000
1626144,Emmanuel Mudiay,mudiaem01,Emmanuel Mudiay,DEN,DEN,2016-17,3241800
1627750,Jamal Murray,murraja01,Jamal Murray,DEN,DEN,2016-17,3210840
203486,Mason Plumlee,plumlma01,Mason Plumlee,DEN,DEN,2016-17,2328530
2590,Mo Williams,willima01,Mo Williams,DEN,DEN,2016-17,2200000
1627823,Juancho Hernangomez,hernaju01,Juan Hernangomez,DEN,DEN,2016-17,1987440
203914,Gary Harris,harriga01,Gary Harris,DEN,DEN,2016-17,1655880
1627736,Malik Beasley,beaslma01,Malik Beasley,DEN,DEN,2016-17,1627320
203999,Nikola Jokić,jokicni01,Nikola Jokic,DEN,DEN,2016-17,1358500
203910,Nick Johnson,johnsni01,Nick Johnson,DEN,DEN,2016-17,980431
202087,Alonzo Gee,geeal01,Alonzo Gee,DEN,DEN,2016-17,495227
203133,Robbie Hummel,hummero01,Robbie Hummel,DEN,DEN,2016-17,150000
203950,Jarnell Stokes,stokeja01,Jarnell Stokes,DEN,DEN,2016-17,150000
203948,Johnny O'Bryant III,obryajo01,Johnny O'Bryant,CHA,DEN,2016-17,115344
,未知,kennedj01,D.J. Kennedy,DEN,DEN,2016-17,50000
203489,Nate Wolters,woltena01,Nate Wolters,DEN,DEN,2016-17,50000
203083,Andre Drummond,drumman01,Andre Drummond,DET,DET,2016-17,22116750
202699,Tobias Harris,harrito02,Tobias Harris,DET,DET,2016-17,17200000
202704,Reggie Jackson,jacksre01,Reggie Jackson,DET,DET,2016-17,14956522
202720,Jon Leuer,leuerjo01,Jon Leuer,DET,DET,2016-17,10991957
1626246,Boban Marjanović,marjabo01,Boban Marjanovic,DET,DET,2016-17,7000000
203382,Aron Baynes,baynear01,Aron Baynes,DET,DET,2016-17,6500000
202397,Ish Smith,smithis01,Ish Smith,DET,DET,2016-17,6000000
2746,Josh Smith,smithjo03,Josh Smith,DET,DET,2016-17,5400000
202694,Marcus Morris Sr.,morrima03,Marcus Morris,DET,DET,2016-17,4625000
203484,Kentavious Caldwell-Pope,caldwke01,Kentavious Caldwell-Pope,DET,DET,2016-17,3678319
1626169,Stanley Johnson,johnsst04,Stanley Johnson,DET,DET,2016-17,2969880
203493,Reggie Bullock Jr.,bullore01,Reggie Bullock,DET,DET,2016-17,2255644
1627740,Henry Ellenson,ellenhe01,Henry Ellenson,DET,DET,2016-17,1704120
2757,Beno Udrih,udrihbe01,Beno Udrih,DET,DET,2016-17,1551659
1626199,Darrun Hilliard,hillida01,Darrun Hilliard,DET,DET,2016-17,874636
1627771,Michael Gbinije,gbinimi01,Michael Gbinije,DET,DET,2016-17,650000
201189,Aaron Gray,grayaa01,Aaron Gray,DET,DET,2016-17,452059
,未知,jovanni01,Nikola Jovanovic,DET,DET,2016-17,30000
203492,Ray McCallum,mccalra01,Ray McCallum,DET,DET,2016-17,11949
201142,Kevin Durant,duranke01,Kevin Durant,GSW,GSW,2016-17,26540100
202691,Klay Thompson,thompkl01,Klay Thompson,GSW,GSW,2016-17,16663575
203110,Draymond Green,greendr01,Draymond Green,GSW,GSW,2016-17,15330435
201939,Stephen Curry,curryst01,Stephen Curry,GSW,GSW,2016-17,12112359
2738,Andre Iguodala,iguodan01,Andre Iguodala,GSW,GSW,2016-17,11131368
2733,Shaun Livingston,livinsh01,Shaun Livingston,GSW,GSW,2016-17,5782450
2585,Zaza Pachulia,pachuza01,Zaza Pachulia,GSW,GSW,2016-17,2898000
2561,David West,westda01,David West,GSW,GSW,2016-17,1551659
2760,Anderson Varejao,varejan01,Anderson Varejao,GSW,GSW,2016-17,1551659
201580,JaVale McGee,mcgeeja01,JaVale McGee,GSW,GSW,2016-17,1403611
1626172,Kevon Looney,looneke01,Kevon Looney,GSW,GSW,2016-17,1182840
1627745,Damian Jones,jonesda03,Damian Jones,GSW,GSW,2016-17,1171560
203546,Ian Clark,clarkia01,Ian Clark,GSW,GSW,2016-17,1015696
203949,James Michael McAdoo,mcadoja01,James Michael McAdoo,GSW,GSW,2016-17,980431
201574,Jason Thompson,thompja02,Jason Thompson,GSW,GSW,2016-17,945126
1627775,Patrick McCaw,mccawpa01,Patrick McCaw,GSW,GSW,2016-17,543471
2440,Matt Barnes,barnema02,Matt Barnes,GSW,GSW,2016-17,383351
202343,Elliot Williams,williel01,Elliot Williams,GSW,GSW,2016-17,250000
1627362,Briante Weber,weberbr01,Briante Weber,CHA,GSW,2016-17,102898
,未知,jonesca02,Cameron Jones,GSW,GSW,2016-17,50000
,未知,cookel01,Elgin Cook,GSW,GSW,2016-17,50000
,未知,woodsc01,Scott Wood,GSW,GSW,2016-17,50000
203515,Phil Pressey,pressph01,Phil Pressey,GSW,GSW,2016-17,35000
201935,James Harden,hardeja01,James Harden,HOU,HOU,2016-17,26540100
201583,Ryan Anderson,anderry01,Ryan Anderson,HOU,HOU,2016-17,18735364
201569,Eric Gordon,gordoer01,Eric Gordon,HOU,HOU,2016-17,12385364
2772,Trevor Ariza,arizatr01,Trevor Ariza,HOU,HOU,2016-17,7806971
101150,Lou Williams,willilo02,Lou Williams,HOU,HOU,2016-17,7000000
201976,Patrick Beverley,beverpa01,Patrick Beverley,HOU,HOU,2016-17,6000000
2403,Nene,hilarne01,Nene Hilario,HOU,HOU,2016-17,2898000
1626155,Sam Dekker,dekkesa01,Sam Dekker,HOU,HOU,2016-17,1720560
1626273,Marcelo Huertas,huertma01,Marcelo Huertas,LAL,HOU,2016-17,1500000
203991,Clint Capela,capelca01,Clint Capela,HOU,HOU,2016-17,1296240
203143,Pablo Prigioni,prigipa01,Pablo Prigioni,HOU,HOU,2016-17,1050961
1626149,Montrezl Harrell,harremo01,Montrezl Harrell,HOU,HOU,2016-17,1045000
201628,Bobby Brown,brownbo02,Bobby Brown,HOU,HOU,2016-17,934293
1627778,Chinanu Onuaku,onuakch01,Chinanu Onuaku,HOU,HOU,2016-17,543471
1627780,Gary Payton II,paytoga02,Gary Payton,MIL,HOU,2016-17,543471
1627819,Isaiah Taylor,taylois01,Isaiah Taylor,HOU,HOU,2016-17,305000
1627786,Troy Williams,willitr02,Troy Williams,HOU,HOU,2016-17,181969
203798,PJ Hairston,hairspj02,P.J. Hairston,HOU,HOU,2016-17,11534
202331,Paul George,georgpa01,Paul George,IND,IND,2016-17,18314532
201152,Thaddeus Young,youngth01,Thaddeus Young,IND,IND,2016-17,14153652
101145,Monta Ellis,ellismo01,Monta Ellis,IND,IND,2016-17,10770000
2744,Al Jefferson,jeffeal01,Al Jefferson,IND,IND,2016-17,10230179
201952,Jeff Teague,teaguje01,Jeff Teague,IND,IND,2016-17,8800000
201155,Rodney Stuckey,stuckro01,Rodney Stuckey,IND,IND,2016-17,7000000
101139,CJ Miles,milescj01,C.J. Miles,IND,IND,2016-17,4583450
202730,Lavoy Allen,allenla01,Lavoy Allen,IND,IND,2016-17,4000000
202362,Lance Stephenson,stephla01,Lance Stephenson,IND,IND,2016-17,4000000
201166,Aaron Brooks,brookaa01,Aaron Brooks,IND,IND,2016-17,2700000
1626167,Myles Turner,turnemy01,Myles Turner,IND,IND,2016-17,2463840
202338,Kevin Seraphin,serapke01,Kevin Seraphin,IND,IND,2016-17,1800000
202379,Jeremy Evans,evansje01,Jeremy Evans,IND,IND,2016-17,1227286
1626176,Rakeem Christmas,chrisra01,Rakeem Christmas,IND,IND,2016-17,1052342
1626202,Joe Young,youngjo01,Joe Young,IND,IND,2016-17,1052342
203922,Glenn Robinson III,robingl02,Glenn Robinson,IND,IND,2016-17,1050500
1627777,Georges Niang,niangge01,Georges Niang,IND,IND,2016-17,650000
202933,Julyan Stone,stoneju01,Julyan Stone,IND,IND,2016-17,50000
1627791,Ben Bentil,bentibe01,Ben Bentil,DAL,IND,2016-17,50000
1627816,Alex Poythress,poythal01,Alex Poythress,PHI,IND,2016-17,35381
,未知,zeislni01,Nick Zeisloft,IND,IND,2016-17,25000
101108,Chris Paul,paulch01,Chris Paul,LAC,LAC,2016-17,22868827
201599,DeAndre Jordan,jordade01,DeAndre Jordan,LAC,LAC,2016-17,21165675
201933,Blake Griffin,griffbl01,Blake Griffin,LAC,LAC,2016-17,20140838
2037,Jamal Crawford,crawfja01,Jamal Crawford,LAC,LAC,2016-17,13253012
203085,Austin Rivers,riverau01,Austin Rivers,LAC,LAC,2016-17,11000000
200755,JJ Redick,redicjj01,J.J. Redick,LAC,LAC,2016-17,7377500
202325,Wesley Johnson,johnswe01,Wesley Johnson,LAC,LAC,2016-17,5628000
1718,Paul Pierce,piercpa01,Paul Pierce,LAC,LAC,2016-17,3500000
201601,Luc Mbah a Moute,mbahalu01,Luc Mbah a Moute,LAC,LAC,2016-17,2203000
101109,Raymond Felton,feltora01,Raymond Felton,LAC,LAC,2016-17,1551659
101138,Brandon Bass,bassbr01,Brandon Bass,LAC,LAC,2016-17,1551659
201578,Marreese Speights,speigma01,Marreese Speights,LAC,LAC,2016-17,1403611
101187,Alan Anderson,anderal01,Alan Anderson,LAC,LAC,2016-17,1315448
1627744,Brice Johnson,johnsbr02,Brice Johnson,LAC,LAC,2016-17,1273920
,未知,delfica01,Carlos Delfino,LAC,LAC,2016-17,650000
1627754,Diamond Stone,stonedi01,Diamond Stone,LAC,LAC,2016-17,543471
200770,Jordan Farmar,farmajo01,Jordan Farmar,SAC,LAC,2016-17,510921
203545,Miroslav Raduljica,radulmi01,Miroslav Raduljica,LAC,LAC,2016-17,300000
2736,Luol Deng,denglu01,Luol Deng,LAL,LAL,2016-17,18000000
202389,Timofey Mozgov,mozgoti01,Timofey Mozgov,LAL,LAL,2016-17,16000000
203903,Jordan Clarkson,clarkjo01,Jordan Clarkson,LAL,LAL,2016-17,12500000
101181,Jose Calderon,caldejo01,Jose Calderon,ATL,LAL,2016-17,7708427
201147,Corey Brewer,breweco01,Corey Brewer,LAL,LAL,2016-17,7600000
204028,Tarik Black,blackta01,Tarik Black,LAL,LAL,2016-17,6191000
201156,Nick Young,youngni01,Nick Young,LAL,LAL,2016-17,5443918
1626156,D'Angelo Russell,russeda01,D'Angelo Russell,LAL,LAL,2016-17,5332800
1627742,Brandon Ingram,ingrabr01,Brandon Ingram,LAL,LAL,2016-17,5281680
203944,Julius Randle,randlju01,Julius Randle,LAL,LAL,2016-17,3267120
203898,Tyler Ennis,ennisty01,Tyler Ennis,LAL,LAL,2016-17,1733880
1897,Metta World Peace,artesro01,Metta World Peace,LAL,LAL,2016-17,1551659
1626204,Larry Nance Jr.,nancela02,Larry Nance Jr.,LAL,LAL,2016-17,1207680
203080,Thomas Robinson,robinth01,Thomas Robinson,LAL,LAL,2016-17,1050961
1627826,Ivica Zubac,zubaciv01,Ivica Zubac,LAL,LAL,2016-17,1034956
1626148,Anthony Brown,brownan02,Anthony Brown,ORL,LAL,2016-17,874636
,未知,jianlyi01,Yi Jianlian,LAL,LAL,2016-17,250000
1628021,David Nwaba,nwabada01,David Nwaba,LAL,LAL,2016-17,137466
,未知,augusza01,Zach Auguste,LAL,LAL,2016-17,60000
201144,Mike Conley,conlemi01,Mike Conley,MEM,MEM,2016-17,26540100
202718,Chandler Parsons,parsoch01,Chandler Parsons,MEM,MEM,2016-17,22116750
201188,Marc Gasol,gasolma01,Marc Gasol,MEM,MEM,2016-17,21165675
2216,Zach Randolph,randoza01,Zach Randolph,MEM,MEM,2016-17,10361445
201148,Brandan Wright,wrighbr03,Brandan Wright,MEM,MEM,2016-17,5700000
2754,Tony Allen,allento01,Tony Allen,MEM,MEM,2016-17,5505618
1713,Vince Carter,cartevi01,Vince Carter,MEM,MEM,2016-17,4264057
203584,Troy Daniels,danietr01,Troy Daniels,MEM,MEM,2016-17,3332940
203516,James Ennis III,ennisja01,James Ennis,MEM,MEM,2016-17,2898000
1627735,Wade Baldwin IV,baldwwa01,Wade Baldwin,MEM,MEM,2016-17,1793760
203919,Jordan Adams,adamsjo01,Jordan Adams,MEM,MEM,2016-17,1465080
1627738,Deyonta Davis,davisde01,Deyonta Davis,MEM,MEM,2016-17,1369229
1626185,Jarell Martin,martija01,Jarell Martin,MEM,MEM,2016-17,1286160
203210,JaMychal Green,greenja01,JaMychal Green,MEM,MEM,2016-17,980431
1626150,Andrew Harrison,harrian01,Andrew Harrison,MEM,MEM,2016-17,945000
201962,Toney Douglas,douglto01,Toney Douglas,MEM,MEM,2016-17,603558
1627786,Troy Williams,willitr02,Troy Williams,HOU,MEM,2016-17,543471
203479,Jamaal Franklin,frankja01,Jamaal Franklin,MEM,MEM,2016-17,163296
1627782,Wayne Selden,seldewa01,Wayne Selden,MEM,MEM,2016-17,83119
203474,DJ Stephens,stephdj01,D.J. Stephens,MEM,MEM,2016-17,35000
1627856,Matt Costello,costema01,Matt Costello,MEM,MEM,2016-17,31500
203100,Tony Wroten,wroteto01,Tony Wroten,MEM,MEM,2016-17,25000
2547,Chris Bosh,boshch01,Chris Bosh,MIA,MIA,2016-17,23741060
202355,Hassan Whiteside,whiteha01,Hassan Whiteside,MIA,MIA,2016-17,22116750
201609,Goran Dragic,dragigo01,Goran Dragic,MIA,MIA,2016-17,15890000
201961,Wayne Ellington,ellinwa01,Wayne Ellington,MIA,MIA,2016-17,6000000
201177,Josh McRoberts,mcrobjo01,Josh McRoberts,MIA,MIA,2016-17,5782450
204020,Tyler Johnson,johnsty01,Tyler Johnson,MIA,MIA,2016-17,5628000
202682,Derrick Williams,willide02,Derrick Williams,CLE,MIA,2016-17,4598000
2617,Udonis Haslem,hasleud01,Udonis Haslem,MIA,MIA,2016-17,4000000
201949,James Johnson,johnsja01,James Johnson,MIA,MIA,2016-17,4000000
203079,Dion Waiters,waitedi01,Dion Waiters,MIA,MIA,2016-17,2898000
1626159,Justise Winslow,winslju01,Justise Winslow,MIA,MIA,2016-17,2593440
202337,Luke Babbitt,babbilu01,Luke Babbitt,MIA,MIA,2016-17,1227000
203186,Willie Reed,reedwi02,Willie Reed,MIA,MIA,2016-17,1015696
1626196,Josh Richardson,richajo01,Josh Richardson,MIA,MIA,2016-17,874636
203585,Rodney McGruder,mcgruro01,Rodney McGruder,MIA,MIA,2016-17,543471
1627855,Okaro White,whiteok01,Okaro White,MIA,MIA,2016-17,374933
1627362,Briante Weber,weberbr01,Briante Weber,CHA,MIA,2016-17,328000
,未知,jankost01,Stefan Jankovic,MIA,MIA,2016-17,100000
,未知,bensoke02,Keith Benson,MIA,MIA,2016-17,75000
1627875,Marcus Georges-Hunt,georgma01,Marcus Georges-Hunt,ORL,MIA,2016-17,31969
202328,Greg Monroe,monrogr01,Greg Monroe,MIL,MIL,2016-17,17100000
203114,Khris Middleton,middlkh01,Khris Middleton,MIL,MIL,2016-17,15200000
203089,John Henson,hensojo01,John Henson,MIL,MIL,2016-17,12517606
203101,Miles Plumlee,plumlmi01,Miles Plumlee,CHA,MIL,2016-17,12500000
203141,Mirza Teletovic,teletmi01,Mirza Teletovic,MIL,MIL,2016-17,10500000
203521,Matthew Dellavedova,dellama01,Matthew Dellavedova,MIL,MIL,2016-17,9607500
201150,Spencer Hawes,hawessp01,Spencer Hawes,MIL,MIL,2016-17,6348759
203953,Jabari Parker,parkeja01,Jabari Parker,MIL,MIL,2016-17,5374320
203507,Giannis Antetokounmpo,antetgi01,Giannis Antetokounmpo,MIL,MIL,2016-17,2995421
1627748,Thon Maker,makerth01,Thon Maker,MIL,MIL,2016-17,2568600
203503,Tony Snell,snellto01,Tony Snell,MIL,MIL,2016-17,2368327
202336,Larry Sanders,sandela01,Larry Sanders,CLE,MIL,2016-17,1865547
1626173,Rashad Vaughn,vaughra01,Rashad Vaughn,MIL,MIL,2016-17,1811040
200779,Steve Novak,novakst01,Steve Novak,MIL,MIL,2016-17,1551659
1891,Jason Terry,terryja01,Jason Terry,MIL,MIL,2016-17,1551659
201563,Michael Beasley,beaslmi01,Michael Beasley,MIL,MIL,2016-17,1403611
1627763,Malcolm Brogdon,brogdma01,Malcolm Brogdon,MIL,MIL,2016-17,925000
203093,Terrence Jones,joneste01,Terrence Jones,MIL,MIL,2016-17,236457
1626253,Axel Toupane,toupaax01,Axel Toupane,NOP,MIL,2016-17,51449
1627780,Gary Payton II,paytoga02,Gary Payton,MIL,MIL,2016-17,35166
201937,Ricky Rubio,rubiori01,Ricky Rubio,MIN,MIN,2016-17,13550000
201593,Nikola Pekovic,pekovni01,Nikola Pekovic,MIN,MIN,2016-17,12100000
708,Kevin Garnett,garneke01,Kevin Garnett,MIN,MIN,2016-17,8000000
202332,Cole Aldrich,aldrico01,Cole Aldrich,MIN,MIN,2016-17,7643979
203952,Andrew Wiggins,wiggian01,Andrew Wiggins,MIN,MIN,2016-17,6006600
1626157,Karl-Anthony Towns,townska01,Karl-Anthony Towns,MIN,MIN,2016-17,5960160
201941,Jordan Hill,hilljo01,Jordan Hill,MIN,MIN,2016-17,3911380
1627739,Kris Dunn,dunnkr01,Kris Dunn,MIN,MIN,2016-17,3872520
202357,Nemanja Bjelica,bjeline01,Nemanja Bjelica,MIN,MIN,2016-17,3800000
201575,Brandon Rush,rushbr01,Brandon Rush,MIN,MIN,2016-17,3500000
203498,Shabazz Muhammad,muhamsh01,Shabazz Muhammad,MIN,MIN,2016-17,3046299
203476,Gorgui Dieng,dienggo01,Gorgui Dieng,MIN,MIN,2016-17,2348783
203897,Zach LaVine,lavinza01,Zach LaVine,MIN,MIN,2016-17,2240880
203940,Adreian Payne,paynead01,Adreian Payne,MIN,MIN,2016-17,2022240
2755,Kevin Martin,martike02,Kevin Martin,MIN,MIN,2016-17,1360305
1626145,Tyus Jones,jonesty01,Tyus Jones,MIN,MIN,2016-17,1339680
101249,John Lucas III,lucasjo02,John Lucas III,MIN,MIN,2016-17,635753
202362,Lance Stephenson,stephla01,Lance Stephenson,IND,MIN,2016-17,144386
201956,Omri Casspi,casspom01,Omri Casspi,MIN,MIN,2016-17,138414
203076,Anthony Davis,davisan02,Anthony Davis,NOP,NOP,2016-17,22116750
202326,DeMarcus Cousins,couside01,DeMarcus Cousins,NOP,NOP,2016-17,16957900
201950,Jrue Holiday,holidjr01,Jrue Holiday,NOP,NOP,2016-17,11286518
203524,Solomon Hill,hillso01,Solomon Hill,NOP,NOP,2016-17,11241218
201600,Omer Asik,asikom01,Omer Asik,NOP,NOP,2016-17,9904494
202734,E'Twaun Moore,mooreet01,E'Twaun Moore,NOP,NOP,2016-17,8081363
201582,Alexis Ajinca,ajincal01,Alexis Ajinca,NOP,NOP,2016-17,4600000
202347,Quincy Pondexter,pondequ01,Quincy Pondexter,NOP,NOP,2016-17,3617978
201956,Omri Casspi,casspom01,Omri Casspi,MIN,NOP,2016-17,3000000
201967,Dante Cunningham,cunnida01,Dante Cunningham,NOP,NOP,2016-17,2978250
204025,Tim Frazier,fraziti01,Tim Frazier,NOP,NOP,2016-17,2090000
202087,Alonzo Gee,geeal01,Alonzo Gee,DEN,NOP,2016-17,1400000
202362,Lance Stephenson,stephla01,Lance Stephenson,IND,NOP,2016-17,1227286
203093,Terrence Jones,joneste01,Terrence Jones,MIL,NOP,2016-17,1050961
202700,Donatas Motiejunas,motiedo01,Donatas Motiejunas,NOP,NOP,2016-17,576724
1627767,Cheick Diallo,diallch01,Cheick Diallo,NOP,NOP,2016-17,543471
202130,Reggie Williams,willire02,Reggie Williams,NOP,NOP,2016-17,252676
202348,Jordan Crawford,crawfjo02,Jordan Crawford,NOP,NOP,2016-17,234915
203138,Hollis Thompson,thompho01,Hollis Thompson,NOP,NOP,2016-17,119494
1626148,Anthony Brown,brownan02,Anthony Brown,ORL,NOP,2016-17,108043
203462,Archie Goodwin,goodwar01,Archie Goodwin,BKN,NOP,2016-17,95600
101127,Jarrett Jack,jackja01,Jarrett Jack,NOP,NOP,2016-17,91274
1626188,Quinn Cook,cookqu01,Quinn Cook,NOP,NOP,2016-17,79922
1627782,Wayne Selden,seldewa01,Wayne Selden,MEM,NOP,2016-17,31969
1626253,Axel Toupane,toupaax01,Axel Toupane,NOP,NOP,2016-17,20580
2546,Carmelo Anthony,anthoca01,Carmelo Anthony,NYK,NYK,2016-17,24559380
201565,Derrick Rose,rosede01,Derrick Rose,NYK,NYK,2016-17,21323250
201149,Joakim Noah,noahjo01,Joakim Noah,NYK,NYK,2016-17,17000000
201584,Courtney Lee,leeco01,Courtney Lee,NYK,NYK,2016-17,11242000
202498,Lance Thomas,thomala01,Lance Thomas,NYK,NYK,2016-17,6191000
201943,Brandon Jennings,jennibr01,Brandon Jennings,WAS,NYK,2016-17,4837318
204001,Kristaps Porziņģis,porzikr01,Kristaps Porzingis,NYK,NYK,2016-17,4317720
203124,Kyle O'Quinn,oquinky01,Kyle O'Quinn,NYK,NYK,2016-17,3900000
1627851,Mindaugas Kuzminskas,kuzmimi01,Mindaugas Kuzminskas,NYK,NYK,2016-17,2898000
200811,Lou Amundson,amundlo01,Lou Amundson,NYK,NYK,2016-17,1551659
2756,Sasha Vujacic,vujacsa01,Sasha Vujacic,NYK,NYK,2016-17,1410598
1626195,Willy Hernangomez,hernawi01,Willy Hernangomez,NYK,NYK,2016-17,1375000
203200,Justin Holiday,holidju01,Justin Holiday,NYK,NYK,2016-17,1015696
1626254,Maurice Ndour,ndourma01,Maurice Ndour,NYK,NYK,2016-17,543471
1627850,Marshall Plumlee,plumlma02,Marshall Plumlee,NYK,NYK,2016-17,543471
1627758,Ron Baker,bakerro01,Ron Baker,NYK,NYK,2016-17,543471
1626184,Chasson Randle,randlch01,Chasson Randle,NYK,NYK,2016-17,243860
,未知,tokotjp01,J.P. Tokoto,NYK,NYK,2016-17,100000
201566,Russell Westbrook,westbru01,Russell Westbrook,OKC,OKC,2016-17,26540100
202683,Enes Freedom,kanteen01,Enes Kanter,OKC,OKC,2016-17,17145838
201959,Taj Gibson,gibsota01,Taj Gibson,OKC,OKC,2016-17,8950000
203506,Victor Oladipo,oladivi01,Victor Oladipo,OKC,OKC,2016-17,6552960
203518,Alex Abrines,abrinal01,Alex Abrines,OKC,OKC,2016-17,5994764
202713,Kyle Singler,singlky01,Kyle Singler,OKC,OKC,2016-17,4837500
2555,Nick Collison,collini01,Nick Collison,OKC,OKC,2016-17,3750000
203500,Steven Adams,adamsst01,Steven Adams,OKC,OKC,2016-17,3140517
101179,Ronnie Price,pricero01,Ronnie Price,PHX,OKC,2016-17,2557545
203926,Doug McDermott,mcderdo01,Doug McDermott,OKC,OKC,2016-17,2483040
1627734,Domantas Sabonis,sabondo01,Domantas Sabonis,OKC,OKC,2016-17,2440200
203460,Andre Roberson,roberan03,Andre Roberson,OKC,OKC,2016-17,2183072
203956,Mitch McGary,mcgarmi01,Mitch McGary,OKC,OKC,2016-17,1526040
203962,Josh Huestis,huestjo01,Josh Huestis,OKC,OKC,2016-17,1191480
203924,Jerami Grant,grantje01,Jerami Grant,OKC,OKC,2016-17,980431
203902,Semaj Christon,chrisse01,Semaj Christon,OKC,OKC,2016-17,543471
202708,Norris Cole,coleno01,Norris Cole,OKC,OKC,2016-17,247991
202874,Chris Wright,wrighch01,Chris Wright,OKC,OKC,2016-17,100000
,未知,tarczka01,Kaleb Tarczewski,OKC,OKC,2016-17,75000
1627936,Alex Caruso,carusal01,Alex Caruso,OKC,OKC,2016-17,50000
202130,Reggie Williams,willire02,Reggie Williams,NOP,OKC,2016-17,50000
202687,Bismack Biyombo,biyombi01,Bismack Biyombo,ORL,ORL,2016-17,17000000
203095,Evan Fournier,fournev01,Evan Fournier,ORL,ORL,2016-17,17000000
201145,Jeff Green,greenje02,Jeff Green,ORL,ORL,2016-17,15000000
202696,Nikola Vučević,vucevni01,Nikola Vucevic,ORL,ORL,2016-17,11750000
203082,Terrence Ross,rosste01,Terrence Ross,ORL,ORL,2016-17,10000000
201571,D.J. Augustin,augusdj01,D.J. Augustin,ORL,ORL,2016-17,7250000
201975,Jodie Meeks,meeksjo01,Jodie Meeks,ORL,ORL,2016-17,6540000
201228,C.J. Watson,watsocj01,C.J. Watson,ORL,ORL,2016-17,5000000
203932,Aaron Gordon,gordoaa01,Aaron Gordon,ORL,ORL,2016-17,4351320
1626209,Mario Hezonja,hezonma01,Mario Hezonja,ORL,ORL,2016-17,3909840
203901,Elfrid Payton,paytoel01,Elfrid Payton,ORL,ORL,2016-17,2613600
203912,C.J. Wilcox,wilcocj01,C.J. Wilcox,ORL,ORL,2016-17,1209680
204014,Damjan Rudez,rudezda01,Damjan Rudez,ORL,ORL,2016-17,980431
1627757,Stephen Zimmerman,zimmest01,Stephen Zimmerman,ORL,ORL,2016-17,950000
202620,Arinze Onuaku,onuakar01,Arinze Onuaku,ORL,ORL,2016-17,440078
1626148,Anthony Brown,brownan02,Anthony Brown,ORL,ORL,2016-17,51449
1627875,Marcus Georges-Hunt,georgma01,Marcus Georges-Hunt,ORL,ORL,2016-17,31969
1627868,Patricio Garino,garinpa01,Patricio Garino,ORL,ORL,2016-17,31969
101106,Andrew Bogut,bogutan01,Andrew Bogut,CLE,PHI,2016-17,11027027
201573,Jerryd Bayless,bayleje01,Jerryd Bayless,PHI,PHI,2016-17,9424084
201945,Gerald Henderson,hendege02,Gerald Henderson,PHI,PHI,2016-17,9000000
201168,Tiago Splitter,splitti01,Tiago Splitter,PHI,PHI,2016-17,8550000
200771,Sergio Rodriguez,rodrise01,Sergio Rodriguez,PHI,PHI,2016-17,8000000
201171,Carl Landry,landrca01,Carl Landry,PHI,PHI,2016-17,6500000
1627732,Ben Simmons,simmobe01,Ben Simmons,PHI,PHI,2016-17,5903160
203954,Joel Embiid,embiijo01,Joel Embiid,PHI,PHI,2016-17,4826160
1626143,Jahlil Okafor,okafoja01,Jahlil Okafor,PHI,PHI,2016-17,4788840
202353,Tibor Pleiss,pleisti01,Tibor Pleiss,PHI,PHI,2016-17,3000000
203917,Nik Stauskas,stausni01,Nik Stauskas,PHI,PHI,2016-17,2993040
203967,Dario Šarić,saricda01,Dario Saric,PHI,PHI,2016-17,2318280
1626147,Justin Anderson,anderju01,Justin Anderson,PHI,PHI,2016-17,1514160
201619,Sasha Kaun,kaunsa01,Sasha Kaun,PHI,PHI,2016-17,1333420
1627789,Timothe Luwawu-Cabarrot,luwawti01,Timothe Luwawu-Cabarrot,PHI,PHI,2016-17,1326960
1626158,Richaun Holmes,holmeri01,Richaun Holmes,PHI,PHI,2016-17,1025831
203496,Robert Covington,covinro01,Robert Covington,PHI,PHI,2016-17,1015696
1882,Elton Brand,brandel01,Elton Brand,PHI,PHI,2016-17,1000000
204456,T.J. McConnell,mccontj01,T.J. McConnell,PHI,PHI,2016-17,874636
203138,Hollis Thompson,thompho01,Hollis Thompson,NOP,PHI,2016-17,442126
1626184,Chasson Randle,randlch01,Chasson Randle,NYK,PHI,2016-17,297311
203464,Brandon Paul,paulbr01,Brandon Paul,PHI,PHI,2016-17,155000
1627848,Shawn Long,longsh01,Shawn Long,PHI,PHI,2016-17,96969
1627821,James Webb III,webbja01,James Webb,PHI,PHI,2016-17,65000
202712,Justin Harper,harpeju01,Justin Harper,PHI,PHI,2016-17,57672
202091,Dionte Christmas,chrisdi01,Dionte Christmas,PHI,PHI,2016-17,50000
1627760,Cat Barber,barbeca01,Cat Barber,PHI,PHI,2016-17,50000
1627816,Alex Poythress,poythal01,Alex Poythress,PHI,PHI,2016-17,38903
202339,Eric Bledsoe,bledser01,Eric Bledsoe,PHX,PHO,2016-17,14000000
202688,Brandon Knight,knighbr03,Brandon Knight,PHX,PHO,2016-17,12606250
2199,Tyson Chandler,chandty01,Tyson Chandler,PHX,PHO,2016-17,12415000
201162,Jared Dudley,dudleja01,Jared Dudley,PHX,PHO,2016-17,10470000
203096,Jared Sullinger,sullija01,Jared Sullinger,TOR,PHO,2016-17,5628000
203458,Alex Len,lenal01,Alex Len,PHX,PHO,2016-17,4823621
1627733,Dragan Bender,bendedr01,Dragan Bender,PHX,PHO,2016-17,4276320
2571,Leandro Barbosa,barbole01,Leandro Barbosa,PHX,PHO,2016-17,4000000
203118,Mike Scott,scottmi01,Mike Scott,ATL,PHO,2016-17,3333334
1627737,Marquese Chriss,chrisma01,Marquese Chriss,PHX,PHO,2016-17,2941440
1626164,Devin Booker,bookede01,Devin Booker,PHX,PHO,2016-17,2223600
203933,T.J. Warren,warretj01,T.J. Warren,PHX,PHO,2016-17,2128920
203462,Archie Goodwin,goodwar01,Archie Goodwin,BKN,PHO,2016-17,2094089
1627755,Tyler Ulis,ulisty01,Tyler Ulis,PHX,PHO,2016-17,918369
1626210,Alan Williams,willial03,Alan Williams,PHX,PHO,2016-17,874636
201563,Michael Beasley,beaslmi01,Michael Beasley,MIL,PHO,2016-17,777777
1627884,Derrick Jones Jr.,jonesde02,Derrick Jones,PHX,PHO,2016-17,543471
203098,John Jenkins,jenkijo01,John Jenkins,PHX,PHO,2016-17,469841
101179,Ronnie Price,pricero01,Ronnie Price,PHX,PHO,2016-17,465143
204067,Jarell Eddie,eddieja01,Jarell Eddie,PHX,PHO,2016-17,102898
202407,Elijah Millsap,millsel01,Elijah Millsap,PHX,PHO,2016-17,23069
203081,Damian Lillard,lillada01,Damian Lillard,POR,POR,2016-17,24328425
203459,Allen Crabbe,crabbal01,Allen Crabbe,POR,POR,2016-17,18500000
202323,Evan Turner,turneev01,Evan Turner,POR,POR,2016-17,16393443
203086,Meyers Leonard,leoname01,Meyers Leonard,POR,POR,2016-17,9213484
203090,Maurice Harkless,harklma01,Maurice Harkless,POR,POR,2016-17,8988764
202329,Al-Farouq Aminu,aminual01,Al-Farouq Aminu,POR,POR,2016-17,7680965
203105,Festus Ezeli,ezelife01,Festus Ezeli,POR,POR,2016-17,7400000
202334,Ed Davis,davised01,Ed Davis,POR,POR,2016-17,6666667
203468,CJ McCollum,mccolcj01,CJ McCollum,POR,POR,2016-17,3219579
203943,Noah Vonleh,vonleno01,Noah Vonleh,POR,POR,2016-17,2751360
2760,Anderson Varejao,varejan01,Anderson Varejao,GSW,POR,2016-17,1984005
203994,Jusuf Nurkić,nurkiju01,Jusuf Nurkic,POR,POR,2016-17,1921320
203894,Shabazz Napier,napiesh01,Shabazz Napier,POR,POR,2016-17,1350120
1626192,Pat Connaughton,connapa01,Pat Connaughton,POR,POR,2016-17,874636
1627774,Jake Layman,laymaja01,Jake Layman,POR,POR,2016-17,600000
200752,Rudy Gay,gayru01,Rudy Gay,SAC,SAC,2016-17,13333333
201167,Arron Afflalo,afflaar01,Arron Afflalo,SAC,SAC,2016-17,12500000
201936,Tyreke Evans,evansty01,Tyreke Evans,SAC,SAC,2016-17,10661286
201585,Kosta Koufos,koufoko01,Kosta Koufos,SAC,SAC,2016-17,8046500
201229,Anthony Tolliver,tollian01,Anthony Tolliver,SAC,SAC,2016-17,8000000
202066,Garrett Temple,templga01,Garrett Temple,SAC,SAC,2016-17,8000000
2440,Matt Barnes,barnema02,Matt Barnes,GSW,SAC,2016-17,6125000
201954,Darren Collison,collida01,Darren Collison,SAC,SAC,2016-17,5229454
204038,Langston Galloway,gallola01,Langston Galloway,SAC,SAC,2016-17,5200000
203463,Ben McLemore,mclembe01,Ben McLemore,SAC,SAC,2016-17,4008882
1626161,Willie Cauley-Stein,caulewi01,Willie Cauley-Stein,SAC,SAC,2016-17,3551160
1627741,Buddy Hield,hieldbu01,Buddy Hield,SAC,SAC,2016-17,3517200
1627834,Georgios Papagiannis,papagge01,Georgios Papagiannis,SAC,SAC,2016-17,2202240
1627781,Malachi Richardson,richama01,Malachi Richardson,SAC,SAC,2016-17,1439880
201951,Ty Lawson,lawsoty01,Ty Lawson,SAC,SAC,2016-17,1315448
1627746,Skal Labissiere,labissk01,Skal Labissiere,SAC,SAC,2016-17,1188840
201961,Wayne Ellington,ellinwa01,Wayne Ellington,MIA,SAC,2016-17,923670
2406,Caron Butler,butleca01,Caron Butler,SAC,SAC,2016-17,517220
,未知,cousiis01,Isaiah Cousins,SAC,SAC,2016-17,100000
203934,Lamar Patterson,pattela01,Lamar Patterson,ATL,SAC,2016-17,100000
200770,Jordan Farmar,farmajo01,Jordan Farmar,SAC,SAC,2016-17,82979
200746,LaMarcus Aldridge,aldrila01,LaMarcus Aldridge,SAS,SAS,2016-17,20575005
202695,Kawhi Leonard,leonaka01,Kawhi Leonard,SAS,SAS,2016-17,17638063
2200,Pau Gasol,gasolpa01,Pau Gasol,SAS,SAS,2016-17,15500000
2225,Tony Parker,parketo01,Tony Parker,SAS,SAS,2016-17,14445313
1938,Manu Ginobili,ginobma01,Manu Ginobili,SAS,SAS,2016-17,14000000
201980,Danny Green,greenda02,Danny Green,SAS,SAS,2016-17,10000000
201988,Patty Mills,millspa02,Patty Mills,SAS,SAS,2016-17,3578948
203473,Dewayne Dedmon,dedmode01,Dewayne Dedmon,SAS,SAS,2016-17,2898000
1495,Tim Duncan,duncati01,Tim Duncan,SAS,SAS,2016-17,1881250
101135,David Lee,leeda02,David Lee,SAS,SAS,2016-17,1551659
203937,Kyle Anderson,anderky01,Kyle Anderson,SAS,SAS,2016-17,1192080
,未知,jeancli01,Livio Jean-Charles,SAS,SAS,2016-17,1188840
1627749,Dejounte Murray,murrade01,Dejounte Murray,SAS,SAS,2016-17,1180080
203613,Jonathon Simmons,simmojo02,Jonathon Simmons,SAS,SAS,2016-17,874636
201202,Joel Anthony,anthojo01,Joel Anthony,SAS,SAS,2016-17,663810
1627854,Bryn Forbes,forbebr01,Bryn Forbes,SAS,SAS,2016-17,543471
202722,Dāvis Bertāns,bertada01,Davis Bertans,SAS,SAS,2016-17,543471
1627879,Nicolas Laprovittola,laproni01,Nicolas Laprovittola,SAS,SAS,2016-17,210995
1627868,Patricio Garino,garinpa01,Patricio Garino,ORL,SAS,2016-17,100000
1627853,Ryan Arcidiacono,arcidry01,Ryan Arcidiacono,SAS,SAS,2016-17,75000
201942,DeMar DeRozan,derozde01,DeMar DeRozan,TOR,TOR,2016-17,26540100
202685,Jonas Valančiūnas,valanjo01,Jonas Valanciunas,TOR,TOR,2016-17,14382022
201960,DeMarre Carroll,carrode01,DeMarre Carroll,TOR,TOR,2016-17,14200000
201586,Serge Ibaka,ibakase01,Serge Ibaka,TOR,TOR,2016-17,12250000
200768,Kyle Lowry,lowryky01,Kyle Lowry,TOR,TOR,2016-17,12000000
202709,Cory Joseph,josepco01,Cory Joseph,TOR,TOR,2016-17,7330000
202335,Patrick Patterson,pattepa01,Patrick Patterson,TOR,TOR,2016-17,6050000
200782,P.J. Tucker,tuckepj01,P.J. Tucker,TOR,TOR,2016-17,5300000
1627751,Jakob Poeltl,poeltja01,Jakob Poeltl,TOR,TOR,2016-17,2703960
203512,Lucas Nogueira,noguelu01,Lucas Nogueira,TOR,TOR,2016-17,1921320
203998,Bruno Caboclo,cabocbr01,Bruno Caboclo,TOR,TOR,2016-17,1589640
1626153,Delon Wright,wrighde01,Delon Wright,TOR,TOR,2016-17,1577280
1627783,Pascal Siakam,siakapa01,Pascal Siakam,TOR,TOR,2016-17,1196040
1626181,Norman Powell,powelno01,Norman Powell,TOR,TOR,2016-17,874636
1627832,Fred VanVleet,vanvlfr01,Fred VanVleet,TOR,TOR,2016-17,543471
,未知,heslibr01,Brady Heslip,TOR,TOR,2016-17,56500
,未知,moreiya01,Yanick Moreira,TOR,TOR,2016-17,50000
,未知,singlej01,E.J. Singler,TOR,TOR,2016-17,50000
1627784,Jarrod Uthoff,uthofja01,Jarrod Uthoff,DAL,TOR,2016-17,50000
202330,Gordon Hayward,haywago01,Gordon Hayward,UTA,UTA,2016-17,16073140
202324,Derrick Favors,favorde01,Derrick Favors,UTA,UTA,2016-17,11050000
2207,Joe Johnson,johnsjo02,Joe Johnson,UTA,UTA,2016-17,11000000
202692,Alec Burks,burksal01,Alec Burks,UTA,UTA,2016-17,10154495
201588,George Hill,hillge01,George Hill,UTA,UTA,2016-17,8000000
2564,Boris Diaw,diawbo01,Boris Diaw,UTA,UTA,2016-17,7000000
203957,Danté Exum,exumda01,Dante Exum,UTA,UTA,2016-17,3940320
202714,Shelvin Mack,macksh01,Shelvin Mack,UTA,UTA,2016-17,2433334
1626168,Trey Lyles,lylestr01,Trey Lyles,UTA,UTA,2016-17,2340600
204060,Joe Ingles,inglejo01,Joe Ingles,UTA,UTA,2016-17,2250000
203497,Rudy Gobert,goberru01,Rudy Gobert,UTA,UTA,2016-17,2121288
203918,Rodney Hood,hoodro01,Rodney Hood,UTA,UTA,2016-17,1406520
203481,Jeff Withey,witheje01,Jeff Withey,UTA,UTA,2016-17,1015696
203526,Raul Neto,netora01,Raul Neto,UTA,UTA,2016-17,937800
1627762,Joel Bolomboy,bolomjo01,Joel Bolomboy,UTA,UTA,2016-17,600000
1627779,Marcus Paige,paigema01,Marcus Paige,UTA,UTA,2016-17,125000
,未知,fordqu01,Quincy Ford,UTA,UTA,2016-17,75000
203156,Henry Sims,simshe01,Henry Sims,UTA,UTA,2016-17,75000
203078,Bradley Beal,bealbr01,Bradley Beal,WAS,WAS,2016-17,22116750
202322,John Wall,walljo01,John Wall,WAS,WAS,2016-17,16957900
101133,Ian Mahinmi,mahinia01,Ian Mahinmi,WAS,WAS,2016-17,15944154
101162,Marcin Gortat,gortama01,Marcin Gortat,WAS,WAS,2016-17,12000000
202693,Markieff Morris,morrima02,Markieff Morris,WAS,WAS,2016-17,7400000
203490,Otto Porter Jr.,porteot01,Otto Porter,WAS,WAS,2016-17,5893981
201160,Jason Smith,smithja02,Jason Smith,WAS,WAS,2016-17,5000000
202711,Bojan Bogdanović,bogdabo02,Bojan Bogdanovic,WAS,WAS,2016-17,3730653
203504,Trey Burke,burketr01,Trey Burke,WAS,WAS,2016-17,3386598
203107,Tomas Satoransky,satorto01,Tomas Satoransky,WAS,WAS,2016-17,2870813
1626162,Kelly Oubre Jr.,oubreke01,Kelly Oubre,WAS,WAS,2016-17,2006640
201943,Brandon Jennings,jennibr01,Brandon Jennings,WAS,WAS,2016-17,1200000
1626191,Chris McCullough,mcculch01,Chris McCullough,WAS,WAS,2016-17,1191480
101110,Martell Webster,webstma02,Martell Webster,WAS,WAS,2016-17,830000
1627849,Daniel Ochefu,ochefda01,Daniel Ochefu,WAS,WAS,2016-17,543471
1627815,Sheldon Mac,mcclesh01,Sheldon McClellan,WAS,WAS,2016-17,543471
1627863,Danuel House Jr.,houseda01,Danuel House,WAS,WAS,2016-17,543471
204067,Jarell Eddie,eddieja01,Jarell Eddie,PHX,WAS,2016-17,175000
